51.7,96.5,206.0,127.0,125.0,41.3,389.0,3.3,45.4,396.0,27.5,217.0,50.0,434.0,351.0,210.0,231.0,327.0,37.9,406.0,195.0
124.0,227.0,206.0,127.0,133.0,75.8,75.8,48.2,43.7,82.7,6.8,216.0,50.0,141.0,70.5,190.0,227.0,169.0,62.0,337.0,197.0
84.3,3.4,65.5,130.0,125.0,10.3,72.4,90.2,45.4,79.3,10.0,186.0,46.8,120.0,13.7,207.0,6.8,82.7,9.6,162.0,195.0
78.1,0.0,213.0,122.0,146.0,9.7,120.0,95.1,37.5,106.0,37.5,30.0,53.1,468.0,25.0,200.0,156.0,547.0,9.7,53.1,205.0
77.7,3.4,205.0,130.0,128.0,24.3,141.0,109.0,42.4,186.0,9.3,13.3,53.1,65.6,9.3,157.0,37.9,137.0,7.5,112.0,202.0
75.0,6.8,207.0,127.0,131.0,9.3,110.0,104.0,39.3,148.0,9.7,17.2,43.7,183.0,21.8,202.0,6.4,65.6,10.0,78.7,205.0
80.9,0.0,200.0,130.0,118.0,7.1,217.0,102.0,50.0,175.0,10.0,3.2,50.0,153.0,15.6,205.0,16.6,87.5,7.5,75.0,195.0
65.8,3.3,212.0,108.0,121.0,9.3,200.0,80.4,41.1,193.0,7.5,3.3,43.7,41.3,6.2,204.0,6.6,62.5,12.5,193.0,192.0
81.2,0.0,207.0,130.0,121.0,7.3,206.0,85.3,48.4,176.0,7.5,0.0,50.0,24.1,9.3,197.0,0.0,106.0,7.5,184.0,205.0
65.8,24.1,203.0,112.0,121.0,10.0,294.0,87.8,50.0,65.0,10.0,17.2,50.0,38.7,6.2,200.0,10.0,271.0,10.0,96.8,202.0
96.8,0.0,207.0,117.0,134.0,10.0,103.0,102.0,42.4,52.5,7.5,3.3,50.0,34.3,31.2,202.0,3.4,124.0,10.0,56.2,200.0
92.6,0.0,210.0,122.0,124.0,9.3,87.5,85.3,50.0,56.2,5.0,6.4,50.0,37.5,9.3,210.0,6.4,128.0,10.0,87.5,202.0
58.5,10.0,204.0,112.0,150.0,7.5,56.2,73.1,43.7,53.1,7.5,10.0,53.1,119.0,6.2,207.0,10.3,109.0,6.2,40.6,202.0
87.8,6.8,200.0,132.0,131.0,10.0,53.1,92.6,42.4,75.0,7.3,0.0,53.1,84.3,15.6,205.0,3.4,103.0,7.5,40.6,205.0
87.8,17.2,197.0,156.0,128.0,7.3,50.0,100.0,40.6,261.0,9.7,3.1,53.1,34.3,12.5,202.0,3.2,112.0,7.5,30.3,163.0
75.6,6.2,195.0,125.0,125.0,10.0,53.1,78.0,43.7,93.7,7.5,3.4,50.0,10.3,15.6,197.0,3.3,106.0,7.5,40.6,200.0
85.3,3.3,205.0,110.0,134.0,7.5,50.0,82.9,53.1,65.6,7.5,3.2,53.1,24.1,9.6,200.0,3.2,100.0,10.0,37.5,200.0
80.4,12.9,195.0,128.0,115.0,9.7,53.1,95.1,42.4,71.8,7.5,3.4,50.0,35.0,12.5,205.0,3.1,96.8,10.0,37.5,192.0
85.3,10.3,205.0,127.0,137.0,7.5,75.0,85.7,48.4,56.2,7.5,6.8,50.0,34.1,12.1,192.0,0.0,93.7,7.5,31.2,202.0
112.0,13.3,200.0,125.0,134.0,7.5,68.7,68.2,45.4,53.1,10.0,3.1,50.0,31.7,7.5,206.0,30.0,109.0,7.5,39.3,207.0
87.8,13.3,197.0,122.0,130.0,7.3,48.4,73.1,48.4,53.1,7.3,3.4,53.1,37.5,10.0,205.0,93.3,93.7,12.5,42.4,202.0
65.8,12.9,195.0,130.0,121.0,10.0,56.2,90.2,53.1,50.0,7.5,3.3,50.0,37.5,9.7,200.0,62.0,103.0,7.5,40.6,202.0
87.8,13.3,202.0,122.0,115.0,10.0,53.1,70.7,45.4,78.1,7.5,12.9,46.8,34.1,12.1,206.0,63.4,96.8,7.5,28.1,200.0
90.2,13.3,207.0,125.0,106.0,7.5,53.1,143.0,46.8,53.1,7.5,41.9,50.0,27.5,10.0,192.0,40.6,90.6,4.8,40.6,202.0
90.0,6.8,200.0,128.0,128.0,4.8,50.0,75.6,43.7,53.1,10.0,3.2,50.0,36.5,10.0,202.0,29.0,93.7,10.0,31.2,197.0
73.1,13.3,210.0,110.0,118.0,26.8,51.5,92.6,56.2,53.1,6.2,6.6,50.0,32.5,12.5,200.0,128.0,93.9,15.3,28.1,202.0
85.0,10.3,205.0,122.0,121.0,12.5,50.0,80.4,46.8,50.0,7.5,3.2,50.0,36.5,12.5,197.0,121.0,100.0,7.5,42.4,200.0
92.6,9.3,197.0,122.0,125.0,10.0,51.5,78.0,43.7,50.0,10.0,3.3,46.8,24.3,7.5,210.0,115.0,103.0,10.0,33.3,195.0
85.7,6.6,205.0,100.0,128.0,10.0,50.0,87.8,54.5,46.8,10.0,3.4,50.0,36.3,7.5,205.0,133.0,96.8,7.5,40.6,202.0
72.5,9.6,142.0,120.0,130.0,7.3,53.1,92.6,37.5,46.8,10.0,3.3,46.8,35.0,7.5,195.0,102.0,93.7,7.5,34.3,202.0
78.0,9.6,200.0,120.0,131.0,15.0,53.1,73.1,59.3,53.1,7.5,0.0,53.1,34.1,7.5,185.0,95.1,90.6,15.0,31.2,165.0
82.5,13.7,193.0,115.0,121.0,7.5,59.3,85.3,56.2,46.8,7.5,6.4,46.8,37.5,10.0,175.0,107.0,87.5,10.0,37.5,197.0
75.0,10.0,206.0,112.0,122.0,7.5,50.0,102.0,56.2,50.0,7.5,3.4,53.1,36.5,17.5,200.0,115.0,96.8,7.5,34.3,170.0
100.0,6.6,200.0,102.0,128.0,7.5,53.1,95.1,53.1,50.0,10.0,3.4,48.4,35.0,7.5,156.0,111.0,93.7,22.5,37.5,194.0
90.0,13.7,200.0,125.0,125.0,7.5,53.1,78.0,43.7,53.1,7.5,3.2,50.0,34.1,7.5,157.0,108.0,96.8,7.5,37.5,160.0
97.5,10.3,192.0,130.0,131.0,10.0,53.1,82.9,46.8,50.0,7.3,3.3,50.0,34.1,7.5,165.0,115.0,96.8,7.3,28.1,197.0
78.0,13.3,216.0,120.0,131.0,7.5,50.0,97.5,36.3,46.8,10.0,3.3,50.0,34.1,10.0,190.0,130.0,100.0,7.5,31.2,197.0
132.0,13.7,175.0,145.0,115.0,10.0,50.0,93.9,53.1,50.0,10.0,3.2,53.1,40.0,7.5,156.0,106.0,96.8,7.5,37.5,202.0
90.0,9.6,222.0,130.0,112.0,5.0,50.0,85.3,45.4,53.1,7.5,3.1,50.0,35.0,10.0,207.0,69.0,93.7,7.5,34.3,197.0
73.1,13.7,202.0,125.0,125.0,7.5,71.8,63.4,50.0,87.0,7.5,3.3,43.7,35.0,37.5,207.0,109.0,93.7,7.5,36.3,200.0
72.5,12.9,207.0,120.0,115.0,7.3,43.7,65.8,50.0,50.0,10.0,3.3,50.0,34.1,10.0,202.0,97.2,100.0,10.0,32.2,202.0
92.6,13.7,202.0,122.0,121.0,10.0,50.0,97.5,41.1,45.4,10.0,3.3,56.2,31.7,7.5,202.0,105.0,93.7,7.5,40.6,170.0
77.5,13.3,195.0,119.0,128.0,7.3,50.0,92.6,53.1,53.1,10.0,3.4,46.8,35.0,17.5,197.0,112.0,103.0,7.5,37.5,135.0
80.4,9.6,182.0,110.0,131.0,7.3,56.2,80.4,46.8,50.0,9.7,3.2,53.1,29.2,7.5,195.0,115.0,96.8,7.5,37.5,205.0
85.3,13.7,215.0,120.0,121.0,7.3,53.1,68.2,57.5,50.0,10.0,3.1,46.8,36.5,9.7,210.0,90.2,93.7,10.0,37.5,197.0
82.5,12.9,209.0,117.0,115.0,7.3,50.0,97.5,53.1,50.0,7.5,3.4,50.0,35.0,10.0,202.0,114.0,103.0,7.5,40.6,185.0
65.8,12.9,205.0,125.0,125.0,5.0,50.0,90.2,40.6,46.8,3.1,3.3,53.1,35.0,7.5,195.0,117.0,150.0,10.0,40.6,205.0
80.4,12.9,192.0,100.0,128.0,7.5,62.5,57.5,53.1,50.0,3.2,0.0,53.1,34.1,10.0,195.0,112.0,106.0,10.0,27.2,180.0
78.0,6.6,210.0,118.0,125.0,7.5,46.8,70.7,56.2,62.5,7.5,0.0,56.2,37.5,7.5,197.0,130.0,96.8,17.5,40.6,163.0
87.8,6.4,200.0,125.0,128.0,10.0,53.1,90.2,50.0,50.0,4.8,16.6,50.0,35.0,15.0,200.0,127.0,84.8,5.0,37.5,200.0
68.2,12.9,197.0,97.5,125.0,7.5,50.0,92.6,37.5,56.2,9.3,3.2,43.7,36.5,7.5,157.0,117.0,87.5,12.5,34.3,205.0
45.0,12.9,197.0,122.0,128.0,7.5,50.0,78.0,45.4,53.1,10.0,3.4,46.8,34.1,10.0,195.0,119.0,90.9,7.5,37.5,197.0
85.0,10.3,202.0,125.0,128.0,7.5,50.0,95.0,53.1,50.0,10.0,3.3,56.2,34.1,10.0,197.0,125.0,103.0,7.3,40.6,160.0
85.3,36.6,205.0,117.0,112.0,9.7,50.0,90.2,37.5,53.1,7.5,3.3,48.3,32.5,7.5,200.0,125.0,96.8,5.0,40.6,197.0
76.4,12.9,209.0,117.0,115.0,10.0,50.0,80.4,53.1,50.0,7.5,3.4,50.0,35.0,7.5,197.0,125.0,93.7,7.3,39.3,197.0
90.0,12.9,207.0,120.0,125.0,9.7,46.8,85.3,50.0,43.7,5.0,3.3,50.0,31.7,5.0,200.0,122.0,96.8,7.5,37.5,200.0
70.7,10.0,202.0,115.0,131.0,9.7,50.0,87.8,46.8,46.8,7.5,3.1,46.8,36.5,10.0,202.0,120.0,106.0,7.5,43.7,121.0
73.1,13.3,200.0,112.0,125.0,9.7,50.0,85.0,53.1,46.8,10.0,3.3,53.1,37.5,10.0,202.0,122.0,96.8,7.5,25.0,200.0
80.4,10.3,204.0,112.0,128.0,7.3,50.0,78.0,40.6,50.0,22.5,0.0,53.1,35.0,7.5,195.0,117.0,93.7,7.5,31.2,195.0
85.0,13.7,200.0,122.0,121.0,7.3,50.0,131.0,56.2,46.8,7.3,0.0,53.1,35.0,10.0,190.0,122.0,100.0,7.5,38.7,150.0
65.8,13.7,207.0,120.0,129.0,7.3,50.0,75.6,50.0,46.8,10.0,3.2,50.0,37.5,7.3,160.0,122.0,90.6,10.0,40.6,202.0
85.3,9.6,200.0,112.0,128.0,7.3,50.0,75.0,50.0,43.7,10.0,3.2,53.1,30.0,17.5,205.0,125.0,100.0,7.5,37.5,192.0
87.8,9.6,205.0,125.0,125.0,7.5,81.2,76.1,56.2,53.1,5.0,2.9,50.0,36.5,7.6,177.0,115.0,103.0,5.0,28.1,167.0
85.0,6.6,207.0,128.0,128.0,37.8,53.1,82.9,46.8,45.4,5.0,3.3,50.0,42.5,7.5,115.0,110.0,90.6,7.5,37.5,200.0
72.5,10.0,207.0,122.0,128.0,4.8,51.5,85.3,51.5,75.0,7.5,3.2,46.8,34.1,7.5,112.0,125.0,100.0,10.0,43.7,182.0
68.2,13.3,195.0,120.0,115.0,7.5,50.0,90.2,40.6,46.8,7.3,3.3,46.8,35.0,7.5,202.0,120.0,93.7,7.5,41.1,182.0
63.4,16.6,197.0,120.0,128.0,10.0,46.8,82.9,53.1,46.8,7.5,3.3,45.4,35.0,10.0,202.0,122.0,93.7,10.0,43.7,110.0
65.8,17.2,202.0,105.0,128.0,12.5,46.8,81.8,46.8,62.5,7.5,0.0,53.1,30.0,7.5,155.0,122.0,90.9,6.2,34.3,170.0
75.0,18.7,195.0,125.0,134.0,7.5,53.1,82.9,54.5,50.0,7.5,3.2,50.0,34.1,10.0,120.0,121.0,93.7,12.5,40.6,160.0
85.0,10.3,190.0,125.0,128.0,7.5,53.1,78.0,43.7,50.0,7.3,3.1,50.0,35.0,6.2,196.0,115.0,90.6,7.5,31.2,192.0
85.3,10.3,195.0,95.0,125.0,10.0,50.0,72.5,50.0,50.0,5.0,3.4,53.1,35.0,5.0,165.0,112.0,96.8,10.0,43.7,195.0
90.0,13.7,205.0,112.0,131.0,7.5,46.8,87.5,53.1,46.8,7.5,3.2,46.8,34.1,10.0,195.0,125.0,90.6,4.8,34.3,195.0
80.0,10.3,207.0,115.0,125.0,7.3,48.4,87.8,40.6,53.1,7.5,3.4,53.1,36.5,10.0,200.0,107.0,100.0,10.0,46.8,200.0
68.7,12.9,166.0,123.0,128.0,10.0,56.2,65.0,50.0,46.8,10.0,3.4,53.1,35.0,9.7,200.0,120.0,103.0,7.5,34.3,197.0
72.5,13.3,202.0,122.0,121.0,9.7,50.0,73.1,53.1,46.8,10.0,3.1,53.1,32.5,9.7,192.0,125.0,90.6,7.5,43.7,187.0
72.5,13.7,187.0,112.0,134.0,7.3,50.0,78.0,46.8,46.8,9.7,3.4,50.0,36.5,31.2,190.0,120.0,96.8,5.0,40.6,200.0
67.5,19.3,195.0,120.0,134.0,7.3,46.8,70.7,56.2,43.7,10.0,3.4,46.8,34.1,7.5,145.0,105.0,84.3,7.3,35.2,207.0
87.8,6.2,200.0,122.0,129.0,7.3,46.8,78.0,40.6,50.0,7.5,3.2,71.8,37.5,7.3,202.0,112.0,121.0,7.3,37.5,180.0
90.2,10.0,197.0,123.0,128.0,9.7,50.0,73.1,46.8,50.0,5.0,3.2,53.1,36.5,7.5,197.0,105.0,100.0,7.5,33.3,158.0
95.1,12.9,207.0,117.0,128.0,7.5,46.8,97.5,40.6,50.0,4.8,3.2,56.2,40.0,7.5,195.0,122.0,84.3,7.5,41.1,192.0
85.3,13.3,210.0,128.0,118.0,14.6,48.4,78.0,47.0,50.0,7.5,0.0,46.8,36.5,7.5,202.0,112.0,93.9,5.0,42.4,165.0
62.5,13.3,207.0,122.0,134.0,10.0,50.0,73.1,53.1,46.8,12.5,3.2,46.8,31.7,7.5,195.0,122.0,90.9,5.0,42.4,155.0
80.0,2.8,203.0,120.0,115.0,7.5,50.0,70.7,59.3,46.8,10.0,6.6,50.0,34.1,7.5,162.0,110.0,134.0,7.5,27.2,202.0
114.0,6.8,200.0,125.0,118.0,10.0,50.0,87.8,51.5,53.1,7.5,3.3,50.0,36.5,7.5,152.0,127.0,96.8,9.7,43.7,207.0
78.0,9.6,205.0,122.0,115.0,7.5,50.0,73.1,46.8,48.4,7.5,3.1,50.0,36.5,7.3,200.0,122.0,84.3,7.5,37.5,172.0
70.7,13.3,210.0,120.0,121.0,10.0,53.1,87.8,56.2,50.0,12.5,3.3,50.0,31.7,7.5,114.0,120.0,93.7,10.0,43.7,160.0
85.3,9.6,195.0,120.0,128.0,9.7,50.0,90.2,37.5,46.8,10.0,3.4,53.1,39.0,5.0,132.0,122.0,103.0,5.0,43.7,187.0
90.0,10.0,202.0,122.0,125.0,10.0,50.0,85.3,53.1,50.0,7.5,0.0,46.8,37.5,7.5,207.0,117.0,96.8,10.0,39.3,131.0
85.0,15.6,169.0,125.0,118.0,7.5,46.8,78.0,54.5,54.8,10.0,3.2,56.2,37.5,10.0,187.0,120.0,90.6,7.5,35.2,202.0
72.5,16.1,197.0,120.0,125.0,9.7,50.0,85.3,56.2,50.0,7.5,24.1,53.1,34.1,7.5,187.0,120.0,100.0,9.7,34.3,155.0
78.0,13.7,205.0,122.0,128.0,7.5,50.0,78.0,59.3,50.0,9.3,3.2,50.0,37.5,7.5,182.0,120.0,90.6,7.5,39.3,197.0
85.0,10.3,197.0,122.0,125.0,7.5,53.1,87.5,62.5,50.0,7.3,3.3,53.1,37.5,7.5,190.0,125.0,96.8,10.0,34.3,178.0
87.8,13.3,200.0,122.0,125.0,12.5,50.0,97.5,53.1,50.0,7.3,3.3,50.0,35.0,7.5,185.0,125.0,90.6,7.5,46.8,142.0
82.5,6.8,195.0,120.0,106.0,10.0,46.8,78.0,53.1,50.0,7.5,3.3,50.0,34.1,5.0,202.0,117.0,90.6,7.5,31.2,197.0
80.0,12.9,163.0,122.0,128.0,7.3,50.0,75.6,62.5,46.8,5.0,3.3,45.4,28.1,7.5,197.0,115.0,93.9,12.5,39.3,167.0
92.6,6.4,205.0,117.0,131.0,7.5,50.0,80.4,37.5,50.0,7.3,3.1,46.8,35.0,10.0,160.0,117.0,90.6,7.5,40.6,145.0
95.0,6.6,200.0,120.0,118.0,7.3,46.8,141.0,46.8,50.0,5.0,3.3,46.8,35.0,7.5,192.0,95.0,93.7,10.0,42.4,197.0
70.7,24.1,205.0,115.0,115.0,7.5,50.0,82.9,40.6,50.0,10.0,0.0,48.4,32.5,10.0,200.0,122.0,100.0,5.0,39.3,200.0
78.0,6.2,167.0,122.0,125.0,7.5,46.8,73.1,53.1,53.1,10.0,3.1,48.4,36.5,10.0,197.0,112.0,84.3,10.0,33.3,147.0
97.5,13.7,195.0,123.0,134.0,7.3,59.3,92.6,43.7,50.0,7.5,3.4,50.0,34.1,10.0,202.0,120.0,96.8,7.5,40.6,177.0
87.8,13.7,200.0,117.0,131.0,7.3,53.1,92.6,62.5,68.7,7.5,0.0,46.8,35.0,7.5,212.0,115.0,106.0,7.5,33.3,187.0
82.5,13.7,210.0,120.0,128.0,9.7,50.0,82.9,56.2,50.0,9.7,3.3,50.0,36.5,7.3,205.0,120.0,90.6,7.5,40.6,195.0
70.7,9.6,197.0,122.0,125.0,7.3,50.0,78.0,46.8,50.0,10.0,3.3,50.0,39.0,7.5,200.0,112.0,96.8,7.5,32.3,200.0
85.0,13.3,210.0,120.0,125.0,9.7,50.0,80.4,45.4,46.8,7.5,3.3,50.0,37.5,7.5,161.0,122.0,90.6,5.0,43.7,161.0
75.0,10.0,195.0,120.0,125.0,7.3,46.8,92.6,42.4,50.0,7.5,0.0,50.0,37.5,6.2,140.0,117.0,90.6,10.0,34.3,202.0
80.0,13.3,202.0,120.0,125.0,5.2,53.1,79.4,50.0,46.8,7.5,3.3,46.8,39.0,10.0,200.0,117.0,93.7,10.0,46.8,197.0
70.0,10.3,195.0,125.0,128.0,9.7,46.8,69.0,56.2,53.1,7.5,3.3,53.1,35.0,9.7,147.0,122.0,96.8,10.0,43.7,205.0
78.0,6.8,197.0,117.0,134.0,7.5,46.8,65.8,62.5,46.8,7.5,0.0,50.0,34.1,7.3,151.0,120.0,96.8,7.3,43.7,168.0
77.5,9.6,202.0,122.0,121.0,9.3,50.0,68.2,53.1,46.8,7.6,3.3,53.1,42.5,7.3,205.0,117.0,93.7,7.5,43.7,202.0
77.5,10.0,197.0,120.0,124.0,7.5,53.1,63.6,43.7,50.0,7.5,3.4,46.8,37.5,5.0,195.0,122.0,96.8,7.3,40.6,175.0
75.0,12.9,205.0,127.0,131.0,7.3,46.8,75.0,60.6,46.8,15.0,3.3,46.8,37.5,12.5,192.0,122.0,93.7,7.3,46.8,167.0
77.5,13.3,202.0,130.0,125.0,7.3,50.0,58.5,43.7,46.8,7.5,3.1,50.0,24.3,7.5,185.0,145.0,93.7,7.5,31.2,192.0
78.0,12.9,205.0,125.0,128.0,7.5,50.0,80.4,53.1,50.0,7.5,3.3,46.8,39.0,10.0,195.0,120.0,90.6,10.2,42.4,174.0
73.1,12.9,202.0,117.0,121.0,7.3,46.8,75.6,46.8,46.8,7.3,3.3,50.0,31.7,7.5,185.0,117.0,103.0,10.0,37.5,147.0
48.6,13.7,200.0,120.0,131.0,7.3,46.8,78.0,47.0,53.1,7.5,3.3,50.0,31.7,5.0,117.0,120.0,96.8,7.3,43.7,192.0
77.5,31.0,202.0,122.0,131.0,14.6,46.8,78.0,53.1,46.8,10.0,3.3,46.8,31.7,5.0,112.0,105.0,125.0,5.0,40.6,192.0
72.7,12.5,200.0,127.0,118.0,7.3,46.8,65.8,59.3,46.8,7.5,3.1,46.8,32.5,7.5,195.0,117.0,80.0,15.0,40.6,200.0
63.6,18.7,217.0,124.0,125.0,7.5,43.7,65.7,50.0,43.7,5.0,6.8,50.0,31.7,7.5,197.0,122.0,90.6,5.0,43.7,167.0
56.0,10.3,202.0,120.0,112.0,7.5,50.0,69.0,46.8,50.0,5.0,3.3,50.0,41.4,5.0,190.0,97.5,137.0,7.5,37.5,197.0
73.1,12.5,200.0,117.0,134.0,5.0,50.0,68.2,56.2,46.8,5.0,3.4,50.0,39.0,10.0,142.0,120.0,93.7,10.0,37.5,175.0
73.1,10.0,202.0,122.0,115.0,5.0,50.0,69.6,43.7,50.0,7.5,3.2,50.0,37.5,7.5,202.0,120.0,100.0,5.0,34.3,202.0
75.0,12.9,174.0,112.0,131.0,7.3,50.0,70.7,59.3,43.7,7.5,20.6,53.1,39.0,12.5,197.0,110.0,100.0,7.5,45.4,197.0
82.5,10.3,197.0,128.0,118.0,4.8,53.1,70.0,54.5,46.8,7.5,3.3,50.0,26.8,7.5,127.0,117.0,93.7,5.0,43.7,142.0
72.7,9.6,203.0,127.0,131.0,7.3,56.2,75.0,51.5,48.3,10.0,3.3,53.1,40.0,22.5,197.0,124.0,100.0,10.0,40.6,180.0
63.4,13.3,197.0,125.0,106.0,7.3,50.0,65.8,56.2,56.2,7.5,3.4,50.0,29.2,10.0,195.0,117.0,93.9,5.0,43.7,205.0
63.4,13.7,172.0,105.0,127.0,7.3,46.8,92.6,50.0,50.0,7.5,0.0,50.0,42.5,7.5,202.0,125.0,93.7,10.0,31.2,160.0
80.4,12.5,205.0,127.0,125.0,5.0,50.0,68.2,53.1,50.0,5.0,3.1,50.0,40.0,7.5,192.0,122.0,93.7,7.5,37.5,162.0
62.5,10.3,205.0,122.0,125.0,7.5,50.0,73.1,46.8,46.8,5.0,3.1,50.0,40.0,7.5,190.0,125.0,103.0,5.0,40.6,100.0
51.2,13.3,197.0,120.0,125.0,7.5,46.8,72.5,68.7,46.8,10.0,3.3,46.8,37.5,5.0,192.0,115.0,93.7,7.5,43.7,200.0
60.9,6.8,202.0,121.0,128.0,5.0,50.0,73.1,56.2,50.0,7.5,0.0,50.0,36.5,10.0,190.0,122.0,100.0,5.0,43.7,190.0
65.0,12.9,210.0,110.0,125.0,7.3,51.5,58.8,53.1,50.0,5.0,3.1,53.1,36.5,10.0,197.0,107.0,93.7,7.5,31.2,165.0
70.0,10.0,194.0,122.0,125.0,7.3,46.8,68.2,53.1,46.8,7.3,0.0,53.1,37.5,7.5,155.0,125.0,100.0,5.0,39.3,182.0
69.6,10.0,207.0,125.0,131.0,7.3,46.8,68.2,50.0,46.8,7.5,3.3,50.0,37.5,5.0,207.0,120.0,93.7,5.0,43.7,197.0
67.5,20.6,195.0,100.0,125.0,7.3,50.0,68.2,50.0,50.0,7.5,3.2,53.1,37.5,7.5,207.0,110.0,103.0,5.0,43.7,177.0
68.2,12.9,207.0,125.0,121.0,5.0,46.8,60.9,46.8,51.6,7.5,0.0,46.8,36.5,7.5,192.0,120.0,100.0,7.5,43.7,195.0
75.0,9.3,202.0,117.0,118.0,5.0,46.8,65.8,56.2,46.8,7.5,3.3,56.2,29.2,10.0,195.0,125.0,90.6,7.3,34.3,202.0
59.3,12.9,210.0,115.0,125.0,9.3,46.8,65.8,53.1,50.0,7.5,3.2,53.1,34.1,7.3,164.0,122.0,87.5,5.0,35.2,152.0
65.0,12.9,202.0,125.0,121.0,7.3,50.0,63.4,40.6,46.8,7.5,3.4,50.0,37.5,7.5,212.0,110.0,96.8,7.5,31.2,197.0
67.5,13.7,200.0,115.0,125.0,5.0,50.0,70.7,50.0,50.0,4.8,3.3,118.0,35.0,7.5,195.0,120.0,87.5,7.5,45.4,202.0
62.5,9.3,202.0,115.0,131.0,7.3,53.1,70.7,59.3,50.0,7.5,3.4,50.0,39.0,7.5,200.0,125.0,100.0,7.5,36.3,205.0
70.0,12.9,202.0,106.0,118.0,4.8,43.7,63.4,56.2,53.1,7.5,3.2,50.0,39.0,10.0,145.0,141.0,100.0,6.2,43.7,200.0
67.5,10.3,171.0,115.0,124.0,7.5,46.8,60.9,51.5,50.0,7.5,3.2,50.0,37.5,10.0,200.0,97.5,96.8,5.0,37.5,160.0
60.0,12.9,202.0,122.0,121.0,5.0,53.1,114.0,51.5,46.8,5.0,3.4,43.7,40.0,7.5,200.0,115.0,100.0,3.1,31.2,135.0
68.2,13.3,200.0,122.0,118.0,7.5,50.0,65.8,56.2,46.8,5.0,3.0,50.0,36.5,7.5,187.0,122.0,93.7,4.8,36.3,200.0
67.5,10.0,202.0,120.0,121.0,5.0,53.1,68.2,51.5,50.0,7.5,3.3,48.4,41.4,7.5,202.0,115.0,93.7,7.5,34.3,200.0
67.5,13.7,185.0,117.0,115.0,5.0,50.0,68.2,53.1,46.8,7.5,0.0,46.8,35.0,5.0,160.0,120.0,100.0,5.0,40.6,200.0
65.8,13.7,202.0,122.0,121.0,5.0,46.8,63.6,57.5,50.0,7.5,0.0,50.0,36.5,7.5,202.0,115.0,93.7,4.8,37.5,195.0
65.0,12.5,205.0,120.0,128.0,5.0,48.4,68.2,40.6,53.1,7.5,3.3,46.8,40.0,7.5,129.0,120.0,90.6,5.0,39.3,172.0
60.9,0.0,207.0,92.5,121.0,4.8,50.0,65.8,50.0,50.0,4.8,0.0,50.0,42.5,7.5,197.0,120.0,93.9,5.0,43.7,195.0
60.0,0.0,197.0,117.0,128.0,5.0,53.1,60.9,50.0,53.1,4.8,3.4,50.0,36.5,7.5,200.0,125.0,90.6,5.0,31.2,197.0
72.5,3.3,197.0,122.0,128.0,5.0,46.8,72.7,56.2,50.0,7.5,3.2,50.0,42.5,7.5,195.0,120.0,96.8,7.5,40.6,205.0
65.8,0.0,202.0,117.0,125.0,5.0,53.1,70.7,59.3,50.0,5.0,6.2,46.8,40.0,7.5,197.0,122.0,93.7,7.3,40.6,125.0
67.5,0.0,200.0,112.0,118.0,5.0,53.1,70.0,45.4,50.0,5.0,0.0,53.1,125.0,7.5,182.0,122.0,87.5,4.8,53.1,197.0
67.5,0.0,202.0,118.0,128.0,5.0,50.0,72.5,59.3,50.0,5.0,3.1,50.0,117.0,5.0,142.0,122.0,100.0,5.0,40.6,162.0
65.8,0.0,205.0,122.0,128.0,5.0,50.0,65.8,59.3,53.1,10.0,3.3,46.8,125.0,5.0,155.0,117.0,112.0,5.0,40.6,140.0
73.1,3.3,192.0,117.0,128.0,5.0,43.7,60.9,50.0,50.0,5.0,0.0,51.6,128.0,4.8,147.0,122.0,65.6,5.0,46.8,153.0
65.0,3.2,202.0,123.0,128.0,7.3,46.8,78.0,56.2,50.0,5.0,3.4,46.8,128.0,7.5,200.0,117.0,75.0,5.0,34.3,197.0
177.0,0.0,197.0,102.0,128.0,5.0,53.1,78.0,59.3,50.0,7.5,0.0,53.1,115.0,5.0,200.0,122.0,81.2,7.5,43.7,158.0
178.0,0.0,197.0,122.0,134.0,6.2,50.0,73.1,56.2,50.0,5.0,3.2,43.7,122.0,4.8,192.0,115.0,75.0,5.0,46.8,160.0
175.0,0.0,169.0,105.0,121.0,5.0,40.6,73.1,50.0,50.0,7.5,3.1,50.0,129.0,5.0,142.0,114.0,75.0,4.8,40.6,170.0
175.0,3.4,205.0,122.0,128.0,5.0,46.8,75.6,53.1,50.0,7.5,3.2,46.8,120.0,7.5,120.0,122.0,68.7,7.3,40.6,202.0
192.0,3.3,212.0,117.0,125.0,5.0,46.8,82.9,53.1,53.1,7.5,0.0,51.6,128.0,7.3,197.0,120.0,71.8,5.0,34.3,200.0
190.0,0.0,200.0,122.0,125.0,7.3,50.0,82.9,51.5,48.4,7.5,0.0,46.8,120.0,5.0,190.0,117.0,78.1,5.0,45.4,150.0
190.0,3.3,207.0,115.0,131.0,7.5,48.4,85.0,59.3,50.0,10.0,3.1,56.2,127.0,4.8,197.0,115.0,78.1,5.0,40.6,128.0
200.0,0.0,169.0,127.0,125.0,4.8,48.4,82.9,53.1,50.0,10.0,0.0,53.1,122.0,5.0,156.0,132.0,66.6,5.0,46.8,187.0
200.0,0.0,207.0,117.0,125.0,4.8,50.0,75.7,50.0,50.0,7.5,3.1,50.0,123.0,5.0,138.0,135.0,75.0,7.3,36.3,200.0
182.0,0.0,195.0,120.0,109.0,4.8,50.0,75.0,46.8,53.1,7.5,3.2,46.8,115.0,5.0,200.0,129.0,75.0,7.5,43.7,202.0
165.0,0.0,202.0,120.0,128.0,7.5,50.0,75.6,50.0,50.0,7.5,3.2,56.2,102.0,5.0,195.0,125.0,75.0,5.0,45.4,202.0
147.0,3.4,200.0,112.0,124.0,5.0,46.8,78.0,56.2,53.1,5.0,3.3,53.1,128.0,7.5,200.0,115.0,78.1,7.5,34.3,192.0
187.0,0.0,182.0,130.0,125.0,4.8,50.0,85.3,65.6,50.0,5.0,3.1,53.1,122.0,5.0,165.0,115.0,81.2,7.5,39.3,200.0
185.0,0.0,215.0,127.0,125.0,4.8,43.7,85.3,62.5,46.8,7.3,3.2,46.8,125.0,7.5,195.0,107.0,62.8,5.0,34.3,205.0
160.0,0.0,205.0,127.0,137.0,5.0,53.1,92.5,48.4,50.0,9.7,3.4,50.0,120.0,12.5,122.0,115.0,50.0,2.5,43.7,145.0
190.0,3.3,197.0,117.0,128.0,12.5,48.4,87.8,53.1,46.8,7.3,3.2,51.5,127.0,5.0,155.0,114.0,59.3,4.8,40.6,177.0
187.0,0.0,207.0,125.0,118.0,7.5,50.0,87.8,46.8,50.0,7.5,3.3,53.1,130.0,7.5,172.0,131.0,71.8,7.5,42.4,195.0
185.0,0.0,200.0,130.0,121.0,9.7,50.0,82.9,59.3,46.8,7.5,3.1,51.5,130.0,7.5,200.0,112.0,71.8,7.5,43.7,197.0
175.0,0.0,207.0,117.0,125.0,6.0,53.1,73.1,56.2,50.0,5.0,0.0,46.8,122.0,7.5,164.0,122.0,71.8,10.0,40.6,205.0
170.0,0.0,197.0,127.0,125.0,7.5,50.0,70.7,56.2,50.0,7.5,0.0,48.3,120.0,5.0,197.0,125.0,65.6,7.5,48.4,157.0
187.0,0.0,205.0,120.0,125.0,10.0,53.1,77.5,53.1,50.0,6.2,3.3,50.0,55.0,5.0,205.0,120.0,68.7,17.0,43.7,167.0
195.0,0.0,207.0,122.0,131.0,5.0,50.0,87.8,43.7,53.1,7.5,3.2,53.1,50.0,5.0,200.0,120.0,69.6,7.5,40.6,152.0
190.0,0.0,205.0,120.0,121.0,7.5,50.0,87.8,48.4,50.0,7.5,0.0,53.1,55.0,5.0,156.0,115.0,81.2,7.5,37.5,167.0
182.0,0.0,205.0,118.0,125.0,7.5,46.8,87.5,50.0,50.0,6.2,3.3,56.2,57.5,35.0,190.0,130.0,67.6,7.3,48.4,142.0
168.0,0.0,177.0,115.0,109.0,7.5,53.1,87.8,81.2,50.0,7.5,3.3,53.1,54.8,5.0,180.0,122.0,62.5,5.0,34.3,202.0
184.0,0.0,207.0,120.0,121.0,7.5,50.0,80.0,119.0,48.4,7.5,3.4,50.0,47.5,5.0,147.0,115.0,72.7,5.0,121.0,157.0
117.0,0.0,205.0,125.0,125.0,9.5,50.0,65.8,135.0,50.0,7.3,0.0,50.0,55.0,5.0,202.0,102.0,78.1,10.0,131.0,202.0
68.2,3.2,197.0,117.0,128.0,10.0,93.7,119.0,132.0,46.8,6.0,3.3,43.7,35.0,7.5,115.0,121.0,78.1,6.2,121.0,155.0
75.6,3.4,205.0,125.0,131.0,9.7,53.1,84.8,125.0,62.5,7.5,0.0,53.1,47.5,7.6,185.0,120.0,75.0,5.4,125.0,187.0
82.5,3.4,202.0,117.0,131.0,40.6,50.0,87.8,121.0,50.0,20.0,3.1,56.2,52.5,2.5,192.0,120.0,100.0,6.2,121.0,210.0
82.5,0.0,202.0,107.0,128.0,5.0,50.0,73.1,115.0,46.8,7.5,3.2,46.8,44.4,6.0,202.0,130.0,96.8,5.5,125.0,197.0
85.0,0.0,200.0,125.0,131.0,7.5,50.0,78.0,115.0,50.0,7.5,0.0,50.0,80.0,7.5,167.0,115.0,96.8,4.8,118.0,185.0
87.5,0.0,200.0,120.0,121.0,7.3,53.1,85.0,118.0,53.1,7.5,0.0,53.1,25.0,5.0,162.0,120.0,96.8,5.0,115.0,155.0
82.9,0.0,192.0,117.0,128.0,7.5,59.3,85.3,125.0,50.0,7.5,3.4,50.0,26.8,5.0,195.0,120.0,96.8,5.0,125.0,142.0
80.0,0.0,202.0,124.0,125.0,10.0,46.8,75.7,131.0,50.0,10.0,3.2,53.1,50.0,7.5,200.0,107.0,103.0,7.3,131.0,200.0
75.6,0.0,197.0,117.0,115.0,9.7,46.8,73.1,125.0,50.0,7.5,6.4,56.2,30.0,5.0,200.0,120.0,109.0,9.7,128.0,197.0
75.0,0.0,170.0,132.0,121.0,7.5,45.4,82.9,125.0,50.0,10.0,3.2,46.8,30.0,5.0,174.0,115.0,93.7,7.5,132.0,115.0
82.9,3.4,184.0,110.0,119.0,10.0,50.0,95.1,125.0,50.0,10.0,3.3,50.0,30.0,5.0,200.0,131.0,100.0,7.3,135.0,173.0
85.0,0.0,188.0,117.0,118.0,7.5,46.8,80.4,135.0,53.1,7.5,0.0,46.8,30.0,5.0,155.0,118.0,106.0,7.5,140.0,192.0
85.3,0.0,203.0,110.0,112.0,7.5,50.0,68.2,128.0,50.0,7.5,0.0,50.0,27.5,4.8,195.0,121.0,90.6,10.0,137.0,152.0
95.0,0.0,206.0,125.0,118.0,7.3,50.0,92.6,125.0,50.0,7.5,3.3,50.0,28.2,5.0,205.0,125.0,100.0,35.0,129.0,170.0
87.5,0.0,206.0,120.0,121.0,7.5,50.0,85.3,125.0,46.8,4.8,3.3,50.0,32.5,7.5,182.0,115.0,93.7,5.0,134.0,192.0
72.2,0.0,200.0,125.0,125.0,7.3,56.2,78.0,131.0,50.0,7.5,3.3,75.0,30.7,5.0,180.0,115.0,87.5,7.5,121.0,145.0
90.0,0.0,200.0,102.0,128.0,7.3,53.1,85.0,121.0,106.0,4.8,3.2,53.1,25.0,5.0,200.0,128.0,93.7,9.7,128.0,200.0
72.5,3.4,212.0,130.0,121.0,10.0,46.8,95.1,128.0,53.1,7.3,3.4,53.1,30.0,4.8,200.0,137.0,96.8,10.0,180.0,202.0
70.0,0.0,209.0,115.0,125.0,5.0,48.4,90.2,129.0,53.1,7.3,6.6,53.1,110.0,4.8,195.0,134.0,90.6,7.5,121.0,200.0
72.5,0.0,206.0,107.0,128.0,7.3,53.1,82.9,125.0,50.0,7.5,0.0,48.4,125.0,10.0,195.0,137.0,100.0,7.5,121.0,207.0
87.5,3.4,206.0,117.0,121.0,7.3,50.0,90.2,137.0,46.8,10.0,3.2,50.0,97.5,7.3,205.0,125.0,93.7,7.5,131.0,202.0
85.0,0.0,206.0,100.0,118.0,7.5,46.8,75.0,121.0,50.0,7.5,0.0,43.7,110.0,5.0,195.0,115.0,96.8,7.5,125.0,210.0
82.9,0.0,206.0,120.0,125.0,7.5,43.7,97.5,128.0,53.1,7.3,3.2,50.0,105.0,7.5,187.0,118.0,96.8,7.5,115.0,195.0
87.8,3.2,203.0,120.0,125.0,7.5,50.0,95.0,131.0,50.0,7.5,3.3,50.0,125.0,7.5,205.0,115.0,90.6,7.5,138.0,195.0
82.9,0.0,206.0,122.0,121.0,9.7,53.1,78.0,141.0,46.8,5.0,3.4,46.8,130.0,7.5,171.0,140.0,90.6,10.0,125.0,127.0
192.0,0.0,203.0,119.0,115.0,9.7,50.0,87.8,129.0,53.1,7.5,3.4,46.8,125.0,5.0,195.0,115.0,87.5,7.3,121.0,192.0
202.0,0.0,206.0,137.0,115.0,7.5,46.8,92.6,128.0,48.4,12.5,0.0,46.8,122.0,7.5,190.0,118.0,96.8,7.5,125.0,205.0
192.0,0.0,212.0,115.0,121.0,10.0,50.0,96.9,125.0,46.8,10.0,0.0,53.1,130.0,7.3,210.0,125.0,96.8,4.8,121.0,205.0
195.0,0.0,209.0,112.0,121.0,7.5,53.1,87.8,118.0,46.8,7.5,3.3,48.4,115.0,7.5,205.0,140.0,93.7,7.5,118.0,200.0
202.0,0.0,206.0,100.0,115.0,7.5,46.8,90.2,121.0,46.8,7.5,0.0,46.8,112.0,7.5,197.0,118.0,100.0,7.3,90.6,205.0
181.0,0.0,209.0,105.0,121.0,12.5,50.0,75.6,96.8,46.8,20.0,3.1,50.0,115.0,9.7,210.0,121.0,96.8,7.5,93.7,210.0
150.0,3.4,216.0,100.0,118.0,7.5,50.0,87.8,96.8,50.0,7.5,3.3,46.8,90.0,45.0,197.0,115.0,93.7,5.0,121.0,202.0
178.0,0.0,206.0,102.0,134.0,7.5,50.0,87.8,100.0,50.0,7.5,0.0,46.8,97.4,7.5,205.0,125.0,90.6,5.0,131.0,195.0
200.0,0.0,206.0,102.0,128.0,7.5,53.1,82.5,100.0,50.0,5.0,3.4,50.0,120.0,9.7,200.0,118.0,84.3,7.5,125.0,210.0
162.0,3.4,215.0,105.0,118.0,7.5,46.8,80.0,100.0,46.8,7.6,3.4,50.0,117.0,10.0,200.0,115.0,93.7,7.5,134.0,197.0
173.0,0.0,206.0,102.0,125.0,7.5,50.0,65.8,87.8,53.1,10.0,3.2,50.0,115.0,7.5,190.0,140.0,103.0,7.5,132.0,205.0
192.0,3.4,206.0,97.5,118.0,7.3,53.1,95.1,81.2,50.0,7.5,3.2,46.8,105.0,7.5,195.0,134.0,96.8,7.5,133.0,197.0
141.0,0.0,212.0,100.0,121.0,42.5,50.0,87.8,78.1,53.1,7.5,0.0,39.3,115.0,7.5,202.0,106.0,93.7,7.5,125.0,164.0
163.0,0.0,212.0,102.0,137.0,10.0,46.8,77.5,78.1,53.1,10.0,3.1,50.0,112.0,7.5,200.0,96.8,96.8,7.3,150.0,202.0
163.0,0.0,206.0,102.0,118.0,7.5,50.0,68.2,112.0,50.0,10.0,0.0,50.0,100.0,7.5,202.0,100.0,93.7,7.5,137.0,195.0
168.0,0.0,203.0,107.0,118.0,7.5,50.0,87.8,62.5,50.0,7.5,0.0,46.8,88.0,7.3,200.0,103.0,103.0,7.5,134.0,200.0
180.0,0.0,206.0,100.0,131.0,7.5,50.0,93.9,59.3,46.8,5.4,0.0,50.0,105.0,7.3,152.0,96.9,96.8,7.5,125.0,197.0
180.0,0.0,212.0,100.0,121.0,10.0,46.8,90.2,59.3,50.0,5.5,3.3,50.0,117.0,7.3,175.0,100.0,93.9,10.0,131.0,200.0
167.0,0.0,206.0,100.0,143.0,7.5,50.0,82.9,58.0,53.1,7.5,3.3,53.1,115.0,9.7,202.0,106.0,96.8,7.3,124.0,197.0
168.0,3.4,206.0,102.0,112.0,5.0,50.0,85.3,31.2,50.0,7.5,0.0,50.0,85.0,7.3,152.0,96.8,87.5,9.7,131.0,205.0
178.0,0.0,206.0,97.5,118.0,15.0,40.6,92.5,22.5,50.0,10.0,3.4,56.2,102.0,7.3,147.0,96.8,93.9,21.9,131.0,197.0
158.0,0.0,206.0,94.1,112.0,7.5,50.0,87.8,35.4,50.0,7.5,3.4,53.1,102.0,9.7,165.0,96.8,90.6,10.0,143.0,205.0
157.0,3.3,219.0,100.0,125.0,7.5,50.0,70.7,32.2,53.1,5.0,0.0,51.6,110.0,7.5,162.0,90.6,100.0,7.5,134.0,150.0
126.0,3.1,212.0,100.0,125.0,7.5,50.0,63.4,36.3,53.1,9.7,3.1,53.1,110.0,10.0,200.0,96.9,93.7,45.0,131.0,145.0
168.0,0.0,209.0,97.5,146.0,7.5,48.4,90.2,37.5,46.8,10.0,3.4,50.0,100.0,10.0,200.0,106.0,93.7,9.7,125.0,202.0
139.0,0.0,212.0,97.5,115.0,10.0,46.8,100.0,41.9,54.8,7.3,3.2,43.7,107.0,7.5,200.0,106.0,93.7,10.0,125.0,172.0
158.0,0.0,206.0,102.0,128.0,12.1,53.1,87.8,22.5,50.0,7.3,3.2,56.2,87.1,10.0,160.0,106.0,93.7,10.0,131.0,202.0
162.0,0.0,206.0,105.0,137.0,7.5,46.8,73.1,40.6,50.0,19.5,3.4,50.0,82.5,17.5,127.0,100.0,96.8,12.5,137.0,177.0
147.0,3.3,206.0,105.0,137.0,7.5,53.1,73.1,32.2,46.8,7.3,3.3,50.0,107.0,10.0,165.0,96.9,90.6,7.5,121.0,131.0
143.0,0.0,212.0,102.0,137.0,7.5,46.8,78.0,35.4,50.0,7.5,3.2,56.2,115.0,7.5,197.0,109.0,100.0,7.5,131.0,207.0
156.0,0.0,206.0,97.5,137.0,10.0,50.0,95.1,37.5,50.0,7.5,3.4,65.6,117.0,7.3,167.0,93.7,90.6,7.5,128.0,160.0
156.0,0.0,209.0,95.0,125.0,10.0,46.8,82.9,39.3,53.1,9.3,0.0,50.0,106.0,7.5,147.0,93.7,90.6,5.0,128.0,147.0
165.0,0.0,209.0,100.0,122.0,7.5,46.8,90.0,31.2,53.1,7.3,3.1,46.8,120.0,10.0,205.0,93.7,87.5,7.5,131.0,151.0
135.0,0.0,200.0,100.0,125.0,10.0,50.0,85.3,29.0,46.8,7.5,3.2,50.0,84.6,7.5,184.0,93.7,103.0,7.5,137.0,195.0
173.0,0.0,216.0,102.0,143.0,7.5,50.0,75.6,38.7,50.0,4.8,3.2,50.0,115.0,10.0,200.0,100.0,93.7,7.5,127.0,173.0
165.0,3.1,200.0,102.0,134.0,7.3,46.8,90.2,35.4,50.0,10.0,0.0,46.8,100.0,10.0,160.0,103.0,84.3,7.3,125.0,202.0
124.0,0.0,197.0,105.0,115.0,7.5,53.1,92.6,106.0,45.4,9.3,3.3,53.1,85.0,7.5,195.0,87.8,100.0,7.5,125.0,162.0
177.0,3.1,206.0,105.0,121.0,12.5,50.0,85.3,121.0,62.5,7.5,0.0,50.0,87.5,10.0,197.0,103.0,96.8,7.5,118.0,210.0
141.0,3.2,219.0,100.0,118.0,10.0,50.0,73.1,128.0,59.3,7.5,3.2,53.1,106.0,10.0,157.0,96.8,90.6,7.5,112.0,190.0
173.0,0.0,206.0,93.7,125.0,7.5,46.8,85.3,129.0,59.3,7.5,3.3,50.0,112.0,7.3,200.0,96.8,90.6,7.5,121.0,202.0
160.0,0.0,212.0,97.5,128.0,6.0,50.0,78.0,128.0,59.3,10.0,3.3,50.0,109.0,6.2,195.0,96.8,96.8,10.0,115.0,190.0
158.0,0.0,209.0,100.0,118.0,7.5,46.8,85.3,128.0,62.5,6.2,3.2,53.1,103.0,6.2,173.0,90.6,90.6,9.7,121.0,192.0
165.0,0.0,209.0,90.0,128.0,7.5,53.1,75.6,128.0,59.3,9.3,3.2,50.0,106.0,5.1,192.0,87.8,96.8,10.0,109.0,202.0
150.0,0.0,206.0,95.0,137.0,7.5,50.0,100.0,128.0,59.3,5.0,3.2,43.7,91.4,4.8,148.0,106.0,93.7,7.5,118.0,207.0
132.0,0.0,206.0,95.1,106.0,7.5,46.8,95.1,131.0,57.5,7.5,3.1,46.8,115.0,7.5,157.0,103.0,93.5,7.5,112.0,175.0
168.0,3.3,206.0,100.0,106.0,10.0,51.5,53.6,134.0,59.3,7.5,3.3,46.8,106.0,5.0,195.0,100.0,96.8,7.5,115.0,202.0
151.0,0.0,206.0,127.0,96.8,10.0,50.0,75.6,138.0,64.5,7.5,0.0,50.0,103.0,7.5,175.0,96.8,90.6,7.5,115.0,142.0
148.0,0.0,196.0,100.0,100.0,7.5,53.1,107.0,118.0,54.5,7.5,0.0,50.0,109.0,5.0,200.0,100.0,87.5,7.5,118.0,195.0
162.0,3.3,212.0,102.0,109.0,7.5,46.8,92.6,128.0,59.3,7.5,3.4,50.0,100.0,2.5,130.0,100.0,100.0,10.0,112.0,195.0
162.0,0.0,206.0,102.0,103.0,7.5,43.7,82.9,131.0,59.3,5.0,3.2,50.0,112.0,7.5,150.0,100.0,93.7,7.5,115.0,205.0
173.0,0.0,206.0,97.5,103.0,10.0,50.0,68.7,129.0,59.3,10.0,3.4,51.5,96.9,7.5,205.0,100.0,96.8,7.5,121.0,207.0
162.0,3.2,212.0,95.0,103.0,10.0,43.7,65.8,125.0,59.3,9.3,3.2,46.8,103.0,7.5,165.0,100.0,93.7,7.5,115.0,202.0
130.0,0.0,206.0,80.0,93.9,10.0,46.8,95.1,132.0,62.5,7.5,0.0,56.2,103.0,4.8,160.0,93.7,96.8,7.5,115.0,197.0
170.0,0.0,212.0,102.0,100.0,7.5,46.8,85.3,135.0,59.3,7.5,0.0,50.0,103.0,7.3,202.0,106.0,96.8,10.0,112.0,165.0
168.0,0.0,212.0,100.0,106.0,10.0,50.0,82.9,121.0,59.3,12.5,3.3,53.1,100.0,5.0,151.0,96.9,93.7,7.5,118.0,197.0
167.0,0.0,206.0,95.0,100.0,7.3,56.2,78.0,112.0,64.5,10.0,3.4,50.0,93.9,7.5,197.0,90.9,96.8,7.5,115.0,146.0
157.0,3.1,206.0,107.0,109.0,7.5,50.0,95.1,118.0,59.3,10.0,0.0,51.6,109.0,7.3,147.0,90.9,90.6,7.5,115.0,197.0
170.0,0.0,206.0,100.0,100.0,7.5,50.0,90.2,116.0,56.2,7.5,0.0,46.8,112.0,6.2,200.0,93.9,90.6,7.5,131.0,152.0
177.0,0.0,209.0,110.0,112.0,10.0,50.0,78.5,121.0,59.3,17.5,3.2,50.0,106.0,7.5,168.0,96.8,96.8,7.5,112.0,157.0
128.0,0.0,206.0,105.0,96.8,9.7,50.0,70.7,128.0,62.5,7.5,0.0,46.8,96.8,7.3,177.0,103.0,100.0,7.5,125.0,137.0
146.0,0.0,206.0,110.0,100.0,7.5,50.0,97.5,115.0,59.3,10.0,3.2,50.0,109.0,7.3,200.0,100.0,96.8,7.5,115.0,193.0
158.0,3.4,212.0,102.0,100.0,9.0,50.0,80.4,121.0,59.3,7.5,3.3,53.1,93.7,4.8,167.0,103.0,100.0,12.5,118.0,182.0
170.0,0.0,206.0,102.0,90.6,10.0,50.0,75.6,115.0,59.3,7.5,0.0,50.0,100.0,7.5,105.0,100.0,93.7,10.0,112.0,200.0
129.0,0.0,200.0,97.5,103.0,5.0,50.0,67.5,119.0,59.3,7.5,3.2,50.0,100.0,10.0,205.0,96.9,96.8,7.5,115.0,197.0
160.0,0.0,209.0,107.0,96.8,7.5,50.0,80.9,131.0,54.5,7.5,3.4,50.0,100.0,9.7,155.0,93.7,93.7,7.5,121.0,169.0
160.0,0.0,206.0,105.0,100.0,7.5,46.8,90.2,121.0,56.2,10.0,0.0,46.8,100.0,4.8,158.0,103.0,93.7,7.5,115.0,168.0
143.0,0.0,203.0,105.0,96.8,9.7,56.2,85.0,129.0,62.5,12.5,0.0,65.6,96.8,7.3,160.0,90.6,116.0,7.5,115.0,195.0
158.0,0.0,206.0,90.0,103.0,7.5,62.5,80.4,109.0,59.3,5.0,0.0,59.3,103.0,7.5,202.0,96.8,90.6,7.5,103.0,175.0
187.0,3.3,206.0,105.0,93.7,7.5,59.3,95.0,112.0,59.3,7.5,3.3,56.2,103.0,6.2,157.0,96.8,84.3,7.5,112.0,202.0
174.0,3.2,206.0,90.0,93.7,10.0,62.5,75.7,106.0,59.3,7.5,3.3,62.5,100.0,7.5,202.0,103.0,100.0,7.5,103.0,147.0
160.0,3.4,200.0,118.0,100.0,10.2,62.5,77.1,106.0,59.3,10.0,3.2,62.5,103.0,7.5,156.0,96.8,100.0,10.0,106.0,142.0
160.0,3.1,206.0,100.0,96.8,7.5,59.3,87.8,106.0,62.5,5.0,3.3,59.3,93.7,12.1,117.0,106.0,90.6,10.0,109.0,200.0
132.0,0.0,212.0,107.0,106.0,7.3,62.5,75.6,118.0,62.5,7.5,3.3,62.5,96.8,7.5,202.0,100.0,100.0,10.0,112.0,197.0
152.0,0.0,206.0,97.5,125.0,7.5,59.3,90.0,116.0,53.1,7.5,3.1,62.5,103.0,7.5,160.0,106.0,93.7,5.0,106.0,200.0
167.0,0.0,209.0,110.0,100.0,7.5,65.6,80.0,112.0,59.3,7.3,3.1,65.6,93.7,7.5,150.0,103.0,93.7,7.5,109.0,155.0
146.0,0.0,212.0,96.9,106.0,7.3,62.5,82.5,115.0,59.3,32.5,3.1,62.5,96.8,10.0,192.0,100.0,90.6,7.5,100.0,110.0
170.0,0.0,206.0,97.5,100.0,7.5,59.3,92.6,109.0,59.3,7.5,3.3,59.3,103.0,12.5,175.0,103.0,90.6,7.3,109.0,161.0
172.0,0.0,212.0,92.5,93.7,15.0,62.5,102.0,109.0,56.2,10.0,0.0,61.2,115.0,55.0,160.0,100.0,96.8,10.0,106.0,157.0
158.0,0.0,206.0,105.0,90.6,7.5,62.5,73.1,112.0,59.3,7.5,3.2,62.5,100.0,7.5,192.0,100.0,100.0,15.0,121.0,170.0
168.0,0.0,222.0,110.0,96.8,7.5,65.6,82.9,103.0,56.2,7.5,3.2,65.6,100.0,7.5,164.0,103.0,87.5,7.5,109.0,190.0
172.0,0.0,206.0,115.0,100.0,5.0,59.3,90.2,106.0,56.2,14.6,3.2,59.3,90.3,10.0,137.0,106.0,93.7,7.5,109.0,170.0
170.0,0.0,209.0,110.0,79.4,7.5,62.5,75.6,106.0,56.2,10.0,3.3,62.5,83.8,17.5,157.0,112.0,100.0,9.7,112.0,192.0
167.0,0.0,212.0,122.0,93.7,10.0,62.5,92.5,122.0,59.3,5.0,3.3,62.5,90.6,7.5,152.0,109.0,90.6,10.0,109.0,202.0
170.0,3.2,206.0,105.0,106.0,7.5,59.3,73.1,106.0,59.3,7.5,3.3,59.3,103.0,7.5,200.0,103.0,96.8,7.3,106.0,160.0
170.0,3.1,209.0,97.5,103.0,7.5,59.3,75.6,112.0,59.3,10.0,0.0,59.3,87.5,7.5,145.0,102.0,93.7,9.7,96.8,140.0
151.0,0.0,206.0,95.0,106.0,10.0,59.3,95.0,109.0,62.5,7.5,3.3,56.2,93.9,12.5,152.0,131.0,87.5,29.4,100.0,197.0
160.0,0.0,206.0,97.5,103.0,7.5,59.3,80.0,96.9,59.3,7.3,0.0,62.5,87.5,9.7,200.0,100.0,106.0,9.7,100.0,200.0
156.0,0.0,206.0,96.8,100.0,7.5,59.3,90.2,103.0,59.3,7.5,0.0,64.5,100.0,10.0,205.0,106.0,93.7,9.7,103.0,200.0
151.0,0.0,212.0,85.0,100.0,10.0,59.3,92.6,103.0,59.3,7.5,3.2,59.3,87.0,7.5,200.0,96.8,118.0,7.5,109.0,157.0
156.0,3.2,206.0,95.0,96.8,7.5,65.6,65.8,103.0,59.3,9.3,3.4,59.3,90.6,12.5,165.0,100.0,96.8,12.5,103.0,102.0
156.0,0.0,209.0,110.0,93.7,10.0,59.3,68.2,103.0,61.2,7.5,0.0,62.5,81.2,10.0,180.0,109.0,90.6,10.0,103.0,195.0
165.0,0.0,206.0,122.0,100.0,7.5,59.3,92.6,115.0,59.3,7.3,0.0,62.5,103.0,5.0,192.0,103.0,93.9,12.5,103.0,200.0
172.0,0.0,200.0,102.0,100.0,7.5,62.5,95.1,112.0,62.5,7.5,3.1,62.5,93.7,5.0,205.0,100.0,103.0,10.0,115.0,192.0
160.0,0.0,200.0,100.0,100.0,7.5,56.2,77.5,103.0,59.3,7.5,3.2,62.5,96.8,5.0,195.0,100.0,96.8,7.5,109.0,127.0
155.0,0.0,206.0,85.0,103.0,7.5,62.5,82.5,109.0,59.3,7.5,3.1,59.3,87.5,7.5,200.0,106.0,103.0,37.5,109.0,205.0
170.0,3.2,206.0,97.5,100.0,12.5,62.5,85.3,109.0,59.3,5.0,0.0,62.5,90.9,10.0,142.0,109.0,90.6,4.8,109.0,195.0
175.0,3.2,206.0,95.0,100.0,7.5,68.7,100.0,118.0,56.2,7.3,0.0,75.0,96.8,7.5,197.0,106.0,93.7,9.3,106.0,162.0
170.0,0.0,206.0,102.0,96.8,9.7,68.7,85.0,100.0,62.5,10.0,3.1,54.8,103.0,9.0,195.0,109.0,134.0,10.0,106.0,202.0
157.0,0.0,200.0,100.0,106.0,9.3,59.3,84.8,109.0,62.5,7.5,3.3,59.3,81.8,9.7,168.0,106.0,96.8,9.7,96.8,180.0
153.0,3.1,209.0,107.0,100.0,9.7,60.6,90.2,100.0,80.6,7.3,3.3,59.3,87.0,9.3,205.0,103.0,93.7,7.5,109.0,202.0
156.0,0.0,206.0,100.0,103.0,10.0,62.5,92.6,93.9,56.2,7.5,3.3,59.3,84.3,9.0,160.0,103.0,87.5,7.5,109.0,205.0
175.0,0.0,206.0,97.5,96.8,7.3,59.3,78.0,106.0,59.3,9.7,3.4,59.3,93.7,10.0,205.0,100.0,90.6,5.0,118.0,197.0
151.0,0.0,206.0,97.5,119.0,10.0,59.3,77.5,109.0,59.3,12.5,3.2,59.3,96.8,7.5,205.0,100.0,115.0,5.0,109.0,207.0
167.0,0.0,206.0,105.0,96.8,7.5,56.2,92.6,93.7,62.5,10.0,3.2,59.3,84.3,7.3,197.0,106.0,84.3,7.5,93.7,197.0
165.0,0.0,206.0,95.0,93.7,10.0,59.3,87.8,106.0,59.3,6.2,0.0,64.5,93.7,9.7,174.0,103.0,75.7,10.0,106.0,205.0
97.5,0.0,200.0,97.5,96.8,7.3,59.3,85.3,112.0,59.3,7.5,0.0,45.0,87.8,5.0,202.0,96.8,90.6,7.5,96.8,202.0
80.4,3.3,206.0,105.0,106.0,7.5,59.3,90.2,96.8,62.5,7.3,3.2,53.1,103.0,7.5,161.0,103.0,90.6,9.3,103.0,200.0
72.5,0.0,206.0,100.0,103.0,7.5,59.3,82.9,119.0,62.5,9.7,0.0,59.3,60.6,5.0,192.0,106.0,90.6,40.0,96.8,205.0
97.5,0.0,200.0,117.0,106.0,9.7,59.3,75.0,106.0,59.3,7.5,3.3,62.5,81.2,4.8,175.0,103.0,93.7,7.5,106.0,197.0
132.0,0.0,206.0,117.0,100.0,15.0,62.5,109.0,109.0,62.5,5.0,3.4,62.5,75.0,15.0,207.0,96.8,90.6,7.5,106.0,202.0
58.5,0.0,212.0,115.0,118.0,10.0,59.3,90.2,109.0,59.3,7.5,3.3,62.5,82.5,10.0,205.0,103.0,75.0,10.0,93.7,160.0
80.0,0.0,206.0,135.0,109.0,7.5,62.5,87.8,100.0,56.2,10.0,0.0,59.3,63.4,10.0,163.0,100.0,87.5,10.0,103.0,203.0
90.0,3.4,212.0,120.0,103.0,7.3,57.5,72.5,106.0,62.5,7.5,0.0,68.7,78.1,9.3,197.0,93.7,87.8,10.0,103.0,202.0
73.1,0.0,209.0,118.0,103.0,7.5,59.3,87.8,112.0,59.3,7.5,3.4,62.5,64.8,37.5,167.0,100.0,90.6,10.0,93.7,197.0
82.5,0.0,206.0,117.0,109.0,7.3,62.5,87.8,115.0,62.5,10.0,3.2,65.6,72.5,6.0,200.0,93.7,93.7,7.5,103.0,207.0
97.5,3.4,212.0,110.0,93.7,10.0,62.5,78.0,106.0,59.3,10.0,3.1,59.3,82.5,10.0,202.0,109.0,84.3,7.5,106.0,197.0
85.0,0.0,212.0,120.0,103.0,7.3,62.5,85.0,117.0,56.2,10.0,0.0,59.3,85.3,7.5,202.0,106.0,93.7,7.3,96.8,203.0
72.5,0.0,209.0,122.0,96.8,7.3,59.3,136.0,106.0,59.3,7.5,3.2,62.5,87.8,7.3,162.0,103.0,90.6,5.0,118.0,197.0
75.0,0.0,206.0,123.0,100.0,53.1,59.3,80.4,100.0,59.3,7.5,3.1,57.5,80.0,10.0,197.0,93.9,93.7,7.5,100.0,197.0
82.5,3.2,206.0,97.5,106.0,7.5,56.2,78.0,106.0,59.3,9.7,0.0,62.5,75.6,7.3,205.0,96.8,87.5,6.2,103.0,202.0
87.5,3.3,206.0,122.0,112.0,7.5,56.2,95.0,115.0,61.2,10.0,3.3,62.5,85.0,7.5,200.0,100.0,90.6,7.3,96.9,192.0
78.1,0.0,206.0,128.0,109.0,5.0,56.2,92.5,100.0,62.5,7.5,0.0,59.3,78.0,7.3,202.0,100.0,90.6,9.7,100.0,197.0
73.1,0.0,212.0,122.0,106.0,7.5,59.3,85.3,109.0,59.3,6.2,0.0,62.5,90.0,10.0,185.0,100.0,81.2,7.3,100.0,200.0
85.3,3.2,206.0,126.0,109.0,12.5,62.5,67.5,115.0,59.3,7.5,3.1,59.3,80.4,10.0,200.0,103.0,87.5,7.5,103.0,197.0
95.1,0.0,209.0,120.0,93.9,10.0,59.3,85.2,106.0,59.3,12.5,3.1,62.5,85.3,7.5,180.0,100.0,84.3,7.5,93.7,155.0
78.0,0.0,209.0,122.0,109.0,7.5,62.5,95.1,103.0,62.5,7.5,3.1,59.3,90.0,7.5,197.0,93.7,93.7,7.3,93.7,187.0
62.5,0.0,206.0,125.0,103.0,9.3,62.5,90.0,106.0,59.3,10.0,0.0,57.5,82.5,10.0,170.0,100.0,93.7,7.5,109.0,200.0
85.3,3.3,200.0,127.0,112.0,7.5,62.5,73.1,106.0,60.6,10.0,3.3,62.5,92.5,7.5,200.0,106.0,90.6,7.5,100.0,197.0
87.5,0.0,206.0,123.0,106.0,5.0,56.2,65.0,115.0,57.5,5.0,3.4,53.1,75.6,7.5,170.0,96.8,81.2,9.7,100.0,200.0
75.0,0.0,206.0,125.0,96.9,7.3,59.3,97.5,106.0,62.5,9.7,3.3,59.3,97.5,10.0,205.0,100.0,87.5,9.0,84.3,205.0
80.0,0.0,206.0,125.0,106.0,7.3,56.2,92.6,103.0,59.3,7.5,3.2,62.5,75.0,10.0,197.0,100.0,90.6,34.1,109.0,190.0
95.1,0.0,206.0,115.0,100.0,7.5,62.5,78.0,90.9,59.3,7.5,3.4,62.5,85.0,9.7,160.0,103.0,103.0,7.5,96.7,205.0
90.2,0.0,200.0,120.0,109.0,12.5,65.6,80.4,112.0,57.5,9.7,3.2,62.5,60.9,10.0,210.0,100.0,96.8,10.0,93.7,205.0
87.5,0.0,206.0,115.0,109.0,7.5,56.2,90.2,103.0,62.5,7.5,3.3,62.5,57.1,7.5,197.0,96.9,93.7,7.5,84.3,202.0
95.0,0.0,212.0,110.0,112.0,10.0,59.3,95.1,106.0,56.2,7.3,3.4,56.2,75.6,7.5,197.0,106.0,96.8,7.5,109.0,200.0
75.0,0.0,215.0,123.0,106.0,7.5,62.5,80.4,103.0,59.3,7.6,3.3,65.6,65.0,7.5,200.0,127.0,100.0,10.0,90.6,195.0
73.1,0.0,206.0,120.0,109.0,7.3,62.5,80.4,103.0,56.2,7.5,3.2,62.5,45.0,7.5,192.0,150.0,100.0,9.7,90.3,202.0
100.0,0.0,200.0,115.0,118.0,7.5,65.6,97.5,106.0,62.5,7.5,3.4,59.3,37.5,7.5,195.0,128.0,100.0,7.3,106.0,197.0
90.0,3.2,209.0,125.0,93.7,10.0,59.3,82.9,109.0,59.3,7.5,3.2,59.3,35.0,10.0,200.0,131.0,93.7,7.5,96.8,150.0
66.6,3.3,209.0,123.0,103.0,10.0,60.6,80.0,103.0,51.5,7.6,3.1,65.6,33.3,10.0,202.0,128.0,93.7,7.5,109.0,195.0
75.0,0.0,209.0,122.0,96.8,7.5,59.3,75.6,100.0,59.3,10.0,3.3,118.0,31.7,7.5,192.0,131.0,96.8,7.5,93.7,182.0
95.1,0.0,206.0,133.0,125.0,7.5,59.3,107.0,100.0,59.3,7.3,0.0,62.5,36.5,7.5,205.0,131.0,96.8,10.0,93.7,197.0
85.0,0.0,212.0,117.0,103.0,9.7,59.3,92.6,103.0,59.3,5.0,3.2,70.9,35.0,20.0,197.0,124.0,84.8,10.0,106.0,197.0
57.5,0.0,212.0,125.0,100.0,7.5,59.3,80.4,106.0,59.3,7.5,3.3,59.3,40.0,24.3,202.0,125.0,96.8,12.1,115.0,202.0
75.0,3.4,206.0,127.0,103.0,4.8,56.2,85.3,103.0,62.5,7.3,0.0,62.5,36.5,10.0,200.0,106.0,96.8,9.7,119.0,205.0
80.0,0.0,200.0,127.0,96.8,7.5,59.3,97.5,96.8,59.3,10.0,3.3,62.5,34.1,10.0,194.0,121.0,96.8,7.5,93.9,206.0
95.0,0.0,206.0,125.0,96.8,9.7,56.2,87.8,103.0,64.5,7.3,3.3,59.3,34.3,7.5,182.0,128.0,93.5,7.5,90.9,200.0
67.5,0.0,200.0,123.0,106.0,9.7,59.3,70.7,100.0,59.3,10.0,3.4,62.5,35.0,7.5,205.0,125.0,100.0,10.0,106.0,205.0
87.5,3.4,200.0,117.0,106.0,7.3,56.2,87.8,103.0,62.5,7.5,3.3,62.5,36.5,20.0,157.0,115.0,93.7,7.5,94.1,205.0
80.4,3.1,206.0,117.0,100.0,7.3,59.3,100.0,112.0,62.5,7.5,3.2,62.5,35.0,8.8,165.0,121.0,96.7,7.3,109.0,202.0
80.4,0.0,206.0,122.0,100.0,4.8,57.5,82.9,106.0,59.3,7.5,3.2,59.3,36.5,9.3,175.0,121.0,93.7,7.5,90.9,205.0
70.0,0.0,206.0,110.0,106.0,10.0,57.5,80.4,103.0,59.3,7.3,0.0,59.3,31.2,6.2,202.0,125.0,96.8,5.0,96.8,175.0
75.6,3.2,194.0,125.0,103.0,4.8,62.5,146.0,100.0,56.2,6.2,3.4,59.3,35.0,6.2,155.0,118.0,93.7,7.5,100.0,197.0
85.0,3.4,194.0,122.0,96.9,7.5,62.5,80.4,119.0,59.3,7.5,0.0,68.7,34.1,8.8,172.0,128.0,96.8,10.0,90.6,197.0
73.1,3.4,209.0,125.0,106.0,10.0,56.2,87.8,112.0,59.3,7.5,3.4,59.3,32.5,7.5,205.0,121.0,87.5,9.7,87.5,182.0
75.0,0.0,206.0,123.0,103.0,7.5,62.5,75.7,87.5,59.3,5.0,3.2,62.5,28.9,7.5,165.0,128.0,100.0,7.3,93.7,175.0
90.0,0.0,200.0,120.0,106.0,10.0,56.2,75.6,87.5,59.3,10.0,0.0,65.6,31.2,6.0,180.0,128.0,90.6,7.3,93.7,170.0
97.5,0.0,206.0,102.0,103.0,7.5,53.1,90.2,96.8,59.3,10.0,3.1,62.5,34.1,9.7,182.0,125.0,78.1,4.8,100.0,202.0
82.5,0.0,206.0,120.0,78.1,7.5,53.1,80.4,93.9,59.3,7.3,3.2,54.5,36.5,7.5,155.0,131.0,96.8,5.0,75.0,175.0
80.0,0.0,203.0,125.0,93.7,7.5,50.0,60.9,75.0,50.0,7.5,3.3,53.1,43.7,7.5,165.0,128.0,90.6,7.5,87.5,202.0
85.0,0.0,200.0,117.0,100.0,10.0,50.0,77.5,87.5,83.8,7.3,0.0,50.0,34.1,7.5,202.0,131.0,106.0,10.0,78.1,210.0
100.0,0.0,209.0,97.5,75.0,7.5,50.0,82.9,87.5,53.1,10.0,3.2,53.1,36.5,7.5,145.0,125.0,100.0,9.3,78.1,200.0
85.0,3.3,206.0,120.0,62.5,10.0,46.8,65.8,87.5,50.0,12.5,3.2,65.6,34.1,10.0,177.0,125.0,90.6,7.3,81.8,200.0
77.5,3.4,216.0,102.0,67.6,4.8,46.8,90.2,87.0,46.8,7.5,0.0,46.8,36.5,7.5,185.0,130.0,106.0,10.0,81.2,200.0
90.2,0.0,206.0,117.0,67.6,6.2,46.8,75.6,87.5,50.0,7.5,3.4,43.7,37.5,7.5,197.0,125.0,93.7,7.5,78.1,190.0
90.2,0.0,206.0,125.0,68.7,7.5,50.0,90.4,81.8,50.0,12.5,3.1,48.4,34.1,7.3,167.0,124.0,93.7,4.8,78.1,202.0
60.9,0.0,206.0,120.0,68.7,7.5,45.4,97.5,84.8,43.7,7.5,12.5,50.0,40.0,7.3,185.0,112.0,93.7,7.3,81.2,205.0
85.0,3.2,206.0,120.0,75.0,7.5,46.8,63.4,84.8,46.8,7.5,0.0,53.1,42.5,29.2,200.0,121.0,90.6,7.5,81.2,165.0
92.5,0.0,200.0,117.0,63.6,5.0,53.1,70.7,84.3,46.8,7.5,3.3,43.7,34.1,7.5,192.0,125.0,96.8,7.5,81.2,200.0
85.0,0.0,209.0,122.0,125.0,7.5,53.1,87.5,84.3,46.8,6.2,3.3,48.4,35.0,7.5,200.0,115.0,90.6,7.5,75.0,202.0
55.0,0.0,200.0,122.0,131.0,10.0,53.1,95.1,78.1,50.0,5.7,0.0,53.1,37.5,10.0,175.0,130.0,87.5,7.5,78.1,205.0
80.0,0.0,206.0,127.0,109.0,7.5,53.1,85.7,84.3,53.1,7.5,3.1,53.1,36.5,7.3,202.0,121.0,103.0,7.5,87.5,207.0
97.5,3.4,209.0,117.0,106.0,10.0,46.8,65.8,81.8,46.8,42.5,3.1,56.2,34.1,7.5,155.0,128.0,93.7,7.8,78.7,195.0
82.9,0.0,212.0,112.0,125.0,7.5,50.0,97.5,84.3,50.0,7.6,3.1,68.7,36.5,7.5,202.0,131.0,96.8,7.5,78.1,200.0
75.7,0.0,200.0,117.0,106.0,7.5,53.1,97.5,87.5,45.4,12.5,3.4,45.4,31.7,7.3,172.0,125.0,90.6,7.3,76.4,203.0
75.0,3.3,206.0,117.0,129.0,5.0,46.8,85.0,84.3,50.0,7.5,3.4,50.0,37.5,7.5,197.0,131.0,90.6,5.0,81.2,202.0
68.2,0.0,212.0,128.0,121.0,7.5,46.8,78.0,93.7,50.0,10.0,3.2,50.0,35.0,7.5,164.0,118.0,96.8,7.5,84.3,205.0
80.0,0.0,206.0,125.0,121.0,10.0,46.8,87.8,90.6,46.8,7.5,0.0,50.0,37.5,7.3,210.0,128.0,87.5,7.3,81.2,200.0
95.0,0.0,206.0,120.0,121.0,10.0,50.0,97.5,84.3,48.3,7.5,3.3,50.0,36.5,3.0,193.0,125.0,96.7,7.5,78.1,196.0
87.8,0.0,206.0,122.0,122.0,7.5,50.0,80.4,87.5,46.8,10.0,3.3,56.2,36.5,6.2,157.0,118.0,100.0,9.7,87.5,197.0
80.0,3.4,200.0,120.0,115.0,12.5,53.1,80.4,84.3,53.1,7.3,3.4,51.5,34.1,7.3,200.0,125.0,90.6,7.3,78.1,160.0
92.5,0.0,200.0,117.0,128.0,7.5,50.0,90.2,84.8,50.0,7.3,3.1,46.8,35.0,7.3,177.0,118.0,93.7,5.0,81.2,210.0
84.8,0.0,206.0,128.0,118.0,7.5,46.8,92.6,81.2,50.0,10.0,3.2,50.0,21.9,7.5,202.0,127.0,96.8,10.0,78.1,200.0
75.6,0.0,206.0,122.0,115.0,10.0,46.8,65.8,90.6,50.0,10.0,0.0,48.4,42.5,9.3,176.0,134.0,87.5,9.7,78.1,190.0
110.0,0.0,206.0,112.0,125.0,7.5,53.1,82.9,84.3,50.0,7.3,0.0,50.0,31.7,7.6,164.0,118.0,103.0,7.3,78.1,202.0
92.5,0.0,206.0,125.0,128.0,7.5,53.1,97.5,81.2,46.8,7.5,3.4,46.8,40.0,5.5,192.0,131.0,93.7,9.7,81.2,185.0
90.0,3.4,209.0,122.0,128.0,7.5,50.0,68.2,84.3,50.0,7.5,3.3,50.0,42.5,7.5,194.0,121.0,93.7,9.7,81.2,202.0
77.5,0.0,209.0,125.0,128.0,7.5,46.8,82.9,78.7,50.0,7.5,3.3,50.0,41.4,7.3,200.0,121.0,93.7,7.1,75.0,195.0
62.5,0.0,206.0,122.0,121.0,7.5,40.6,141.0,84.3,46.8,7.5,0.0,50.0,40.0,8.8,153.0,118.0,90.6,7.5,75.0,157.0
85.0,0.0,209.0,122.0,106.0,27.5,46.8,82.9,84.3,50.0,7.5,3.1,50.0,36.5,9.3,185.0,121.0,90.6,7.5,78.1,165.0
90.0,0.0,206.0,122.0,134.0,10.0,50.0,100.0,78.1,46.8,7.5,3.2,50.0,37.5,5.7,158.0,131.0,100.0,10.0,78.1,192.0
85.0,0.0,200.0,127.0,128.0,7.5,50.0,80.4,75.7,46.8,10.0,3.1,70.9,39.0,7.3,202.0,135.0,103.0,7.5,78.1,146.0
67.5,3.4,209.0,117.0,121.0,10.0,50.0,90.0,78.7,50.0,9.0,3.1,50.0,34.1,7.5,197.0,131.0,93.7,7.3,81.2,160.0
92.5,0.0,216.0,122.0,128.0,7.5,43.7,92.6,78.1,50.0,7.5,3.2,50.0,36.5,5.4,157.0,131.0,106.0,17.0,81.2,192.0
87.5,0.0,206.0,142.0,134.0,7.5,50.0,85.3,40.6,46.8,7.5,3.3,50.0,37.5,10.0,200.0,131.0,96.8,7.5,81.2,202.0
77.5,0.0,206.0,117.0,134.0,5.0,50.0,75.6,50.0,50.0,5.0,0.0,50.0,36.5,7.5,197.0,128.0,96.8,7.5,81.2,207.0
73.1,0.0,212.0,122.0,109.0,5.0,50.0,90.0,40.6,50.0,7.3,3.2,46.8,31.7,9.7,166.0,131.0,93.7,5.0,81.2,170.0
92.6,0.0,206.0,120.0,137.0,25.0,46.8,97.5,50.0,50.0,7.5,9.6,53.1,34.1,7.5,197.0,115.0,93.7,7.5,81.2,152.0
87.8,0.0,212.0,122.0,125.0,7.5,46.8,80.4,46.8,46.8,10.0,3.2,50.0,35.0,7.5,190.0,128.0,96.8,7.5,71.8,202.0
75.0,0.0,200.0,120.0,134.0,10.0,50.0,78.0,53.1,50.0,7.5,3.4,53.1,35.0,7.5,155.0,131.0,87.5,7.5,71.8,200.0
87.8,0.0,209.0,122.0,118.0,7.5,50.0,94.1,50.0,46.8,10.0,0.0,50.0,34.1,10.0,197.0,127.0,93.7,10.0,78.1,195.0
105.0,3.2,212.0,112.0,128.0,7.5,50.0,92.6,43.7,50.0,7.5,0.0,50.0,37.5,12.1,197.0,125.0,103.0,7.5,72.7,187.0
71.4,3.2,206.0,122.0,115.0,9.7,50.0,78.0,56.2,50.0,10.0,3.3,46.8,32.5,12.1,175.0,112.0,93.7,7.5,68.7,207.0
82.5,3.2,206.0,122.0,131.0,7.5,50.0,95.1,40.6,50.0,10.0,3.4,50.0,36.5,7.3,202.0,121.0,90.6,7.5,69.6,200.0
90.0,0.0,212.0,130.0,128.0,9.7,50.0,87.8,50.0,50.0,10.0,0.0,46.8,34.1,7.5,205.0,125.0,100.0,7.5,71.8,200.0
95.1,3.2,206.0,117.0,121.0,7.5,53.1,78.0,40.6,53.1,7.5,0.0,50.0,36.5,7.5,205.0,128.0,93.7,10.0,68.7,200.0
87.5,0.0,206.0,125.0,128.0,10.0,50.0,77.5,46.8,53.1,10.0,3.3,50.0,34.1,12.5,205.0,131.0,96.8,7.5,75.0,155.0
87.5,3.4,206.0,130.0,121.0,10.0,50.0,76.9,43.7,50.0,7.3,0.0,50.0,34.1,10.0,177.0,128.0,96.8,10.0,78.1,197.0
72.5,3.4,216.0,123.0,131.0,9.7,50.0,96.8,48.4,50.0,10.0,3.3,46.8,41.4,7.5,200.0,128.0,93.7,7.5,81.2,192.0
65.8,3.3,206.0,120.0,131.0,7.5,50.0,92.6,56.2,50.0,7.5,0.0,50.0,40.0,10.0,162.0,121.0,87.5,7.5,62.5,197.0
82.9,3.3,216.0,122.0,131.0,7.5,46.8,90.0,37.5,46.8,9.7,3.2,53.1,36.5,7.3,197.0,128.0,106.0,7.5,71.8,202.0
95.0,3.4,206.0,122.0,128.0,7.5,50.0,80.0,56.2,53.1,17.5,0.0,50.0,35.0,5.0,202.0,109.0,90.6,7.5,68.7,195.0
90.0,3.3,206.0,117.0,118.0,10.0,50.0,87.8,42.4,43.7,10.0,0.0,53.1,36.5,7.5,165.0,128.0,118.0,7.5,71.8,205.0
70.0,3.4,212.0,117.0,112.0,10.0,46.8,90.2,54.5,50.0,7.3,0.0,46.8,36.5,10.0,210.0,128.0,93.7,12.5,33.3,192.0
82.9,0.0,206.0,115.0,128.0,4.8,46.8,82.9,50.0,46.8,7.5,3.4,53.1,37.5,7.5,205.0,131.0,93.7,9.7,39.3,205.0
90.2,0.0,206.0,115.0,125.0,7.3,50.0,75.6,50.0,53.1,7.5,0.0,46.8,39.0,7.5,167.0,125.0,96.8,4.8,31.2,197.0
75.0,0.0,206.0,127.0,140.0,7.5,46.8,82.9,59.3,46.8,9.7,3.3,50.0,40.0,12.5,172.0,125.0,96.8,7.3,43.7,202.0
70.7,0.0,206.0,127.0,128.0,10.0,46.8,78.0,34.3,50.0,7.5,3.3,50.0,21.0,10.0,202.0,128.0,81.2,4.8,32.3,167.0
92.6,3.1,206.0,125.0,128.0,10.0,59.3,85.3,53.1,46.8,7.3,3.4,50.0,39.0,7.5,167.0,118.0,93.7,5.0,40.6,192.0
85.0,0.0,219.0,123.0,112.0,7.5,50.0,92.6,40.6,42.4,10.0,3.3,50.0,39.0,7.5,197.0,121.0,90.6,4.8,40.6,177.0
70.7,3.2,206.0,127.0,137.0,7.5,50.0,95.1,62.5,56.2,10.0,3.3,43.7,40.0,7.5,185.0,121.0,100.0,9.7,33.3,190.0
77.5,0.0,206.0,117.0,118.0,7.5,50.0,78.0,50.0,67.7,5.0,3.2,53.1,36.5,10.0,210.0,115.0,87.5,9.7,43.7,202.0
97.5,0.0,206.0,85.0,128.0,7.5,40.6,73.1,54.5,50.0,7.5,3.2,50.0,36.5,7.5,192.0,128.0,96.8,10.0,37.5,200.0
75.0,3.4,209.0,117.0,124.0,10.0,50.0,120.0,53.1,50.0,10.0,3.3,46.8,31.7,10.0,177.0,131.0,96.8,7.5,46.8,172.0
77.5,3.1,209.0,115.0,128.0,45.0,46.8,90.6,39.3,50.0,10.0,3.4,53.1,39.0,7.3,180.0,131.0,100.0,8.1,34.3,150.0
60.9,3.2,206.0,125.0,115.0,7.5,43.7,100.0,50.0,50.0,10.0,0.0,50.0,37.5,10.0,202.0,128.0,90.9,10.0,40.6,200.0
82.9,3.3,209.0,122.0,115.0,7.5,51.5,75.6,50.0,48.3,9.7,3.4,50.0,42.5,9.7,170.0,128.0,100.0,7.5,34.3,187.0
95.0,3.3,206.0,122.0,125.0,10.0,43.7,77.5,53.1,50.0,7.5,3.4,50.0,31.7,7.5,150.0,125.0,90.6,9.7,41.1,175.0
85.0,0.0,212.0,125.0,125.0,7.5,50.0,82.9,56.2,50.0,5.0,3.3,46.8,35.7,10.0,176.0,125.0,90.6,7.5,42.4,102.0
97.5,3.4,206.0,128.0,118.0,10.0,43.7,87.5,51.5,53.1,10.0,3.2,50.0,39.0,10.0,197.0,134.0,103.0,7.5,34.3,200.0
82.5,0.0,212.0,120.0,125.0,5.0,53.1,73.1,50.0,50.0,7.5,3.3,45.4,39.0,9.7,155.0,132.0,93.7,7.5,43.7,177.0
90.2,0.0,206.0,123.0,128.0,7.3,46.8,68.2,50.0,50.0,10.0,3.4,56.2,43.9,9.7,202.0,131.0,90.6,9.3,36.3,165.0
87.8,0.0,206.0,122.0,134.0,7.5,46.8,95.1,50.0,43.7,7.5,3.3,50.0,23.8,7.3,197.0,112.0,84.3,9.7,43.7,195.0
87.5,0.0,219.0,102.0,125.0,7.3,53.1,107.0,43.7,46.8,7.3,3.3,46.8,46.8,7.5,185.0,125.0,96.8,7.3,39.3,152.0
67.5,3.2,209.0,109.0,131.0,4.8,50.0,78.0,39.3,50.0,7.5,3.1,53.1,40.6,7.3,155.0,118.0,96.8,7.3,43.7,195.0
75.0,0.0,212.0,109.0,128.0,6.2,46.8,87.5,43.7,45.4,7.3,3.1,50.0,40.6,7.5,151.0,129.0,93.7,7.3,59.3,160.0
77.5,0.0,206.0,122.0,115.0,4.8,46.8,78.0,56.2,43.7,10.0,3.3,50.0,43.7,9.7,157.0,131.0,90.6,12.5,34.3,197.0
85.0,3.1,206.0,105.0,131.0,7.5,43.7,97.5,44.1,46.8,10.0,0.0,50.0,31.2,7.3,157.0,121.0,96.8,7.3,45.4,195.0
72.5,3.2,212.0,115.0,134.0,10.0,48.3,92.6,53.1,43.7,7.5,0.0,48.4,43.7,7.5,150.0,121.0,96.8,7.5,43.7,168.0
64.2,0.0,212.0,125.0,112.0,7.5,50.0,97.5,54.5,46.8,7.5,3.4,50.0,46.8,7.3,174.0,115.0,96.8,10.0,42.4,195.0
90.2,0.0,206.0,117.0,127.0,10.0,50.0,75.6,56.2,45.4,10.0,3.1,53.1,45.4,5.0,205.0,118.0,93.7,5.0,39.3,210.0
75.6,3.2,209.0,120.0,125.0,7.5,46.8,,56.2,53.1,7.5,0.0,53.1,,7.5,152.0,125.0,90.6,7.5,40.6,200.0
75.0,0.0,200.0,109.0,125.0,10.0,50.0,,40.6,46.8,7.5,3.4,46.8,,7.5,140.0,128.0,96.8,10.2,43.7,187.0
87.5,0.0,206.0,115.0,131.0,9.3,53.1,,46.8,50.0,7.5,3.3,43.7,,10.0,207.0,115.0,103.0,10.0,34.3,147.0
82.5,0.0,206.0,127.0,125.0,7.5,50.0,,43.7,50.0,10.0,3.2,53.1,,10.0,177.0,121.0,90.6,10.0,43.7,202.0
77.5,0.0,206.0,128.0,134.0,10.0,48.3,,45.4,46.8,10.0,3.3,46.8,,10.0,200.0,125.0,96.8,10.0,34.3,202.0
78.0,0.0,206.0,121.0,125.0,7.5,50.0,,42.4,50.0,7.5,3.3,43.7,,10.0,160.0,129.0,100.0,10.0,39.3,200.0
85.0,0.0,206.0,130.0,131.0,10.0,46.8,,46.8,53.1,7.5,3.2,50.0,,9.7,200.0,125.0,90.6,10.0,45.4,197.0
70.0,0.0,203.0,130.0,121.0,9.7,53.1,,50.0,46.8,7.5,3.1,53.1,,7.5,200.0,131.0,100.0,7.5,43.7,170.0
95.0,0.0,206.0,117.0,131.0,7.5,53.1,,50.0,46.8,10.0,3.3,50.0,,7.5,200.0,129.0,103.0,5.0,39.3,197.0
65.0,3.2,212.0,127.0,125.0,7.5,50.0,,43.7,50.0,5.0,3.2,53.1,,7.5,202.0,137.0,90.6,7.5,34.3,162.0
57.5,3.2,206.0,105.0,115.0,10.0,50.0,,50.0,50.0,7.5,0.0,50.0,,7.3,207.0,128.0,93.7,10.0,46.8,172.0
95.1,0.0,212.0,122.0,128.0,10.0,48.4,,50.0,50.0,7.5,0.0,46.8,,7.3,197.0,128.0,96.8,7.5,40.6,200.0
92.6,3.4,212.0,125.0,125.0,7.5,56.2,,46.8,46.8,5.0,3.1,50.0,,17.5,200.0,124.0,93.7,7.5,40.0,215.0
68.2,0.0,200.0,125.0,128.0,7.5,50.0,,48.4,50.0,7.5,3.2,50.0,,5.0,200.0,115.0,100.0,10.0,40.6,187.0
87.5,0.0,212.0,120.0,131.0,7.5,53.1,,45.1,50.0,7.5,3.2,46.8,,7.5,195.0,118.0,90.6,10.0,40.6,187.0
87.8,0.0,212.0,123.0,128.0,7.5,51.5,,54.5,46.8,7.3,3.4,46.8,,9.3,170.0,127.0,93.7,5.0,40.6,195.0
82.9,3.4,206.0,97.2,128.0,7.3,50.0,,50.0,50.0,10.0,3.2,50.0,,10.0,162.0,128.0,84.3,10.0,34.3,147.0
78.0,0.0,212.0,123.0,125.0,10.0,48.4,,53.1,50.0,7.3,0.0,50.0,,7.3,175.0,128.0,96.8,12.5,48.4,202.0
,0.0,206.0,,112.0,,51.6,,50.0,46.8,,3.4,53.1,,10.0,190.0,128.0,103.0,7.5,34.3,205.0
,3.3,206.0,,128.0,,50.0,,43.7,50.0,,3.3,50.0,,7.5,200.0,118.0,93.7,7.5,46.8,200.0
,0.0,200.0,,121.0,,46.8,,56.2,53.1,,3.3,50.0,,7.5,147.0,119.0,93.7,10.0,37.5,197.0
,3.2,212.0,,128.0,,50.0,,43.7,50.0,,3.1,46.8,,7.5,147.0,121.0,96.8,7.5,43.7,202.0
,3.1,206.0,,128.0,,46.8,,57.5,46.8,,3.1,50.0,,10.0,157.0,125.0,90.6,7.5,46.8,195.0
,0.0,206.0,,118.0,,50.0,,45.4,53.1,,3.3,53.1,,7.5,170.0,125.0,96.7,7.5,43.7,200.0
,0.0,206.0,,118.0,,43.7,,46.8,46.8,,3.2,43.7,,7.5,182.0,125.0,93.7,7.3,40.6,205.0
,0.0,212.0,,131.0,,50.0,,43.7,46.8,,3.4,46.8,,7.5,197.0,125.0,93.7,7.5,37.5,162.0
,0.0,206.0,,134.0,,50.0,,61.2,46.8,,3.3,84.3,,7.5,157.0,132.0,93.7,10.0,43.7,145.0
,0.0,206.0,,131.0,,46.8,,50.0,50.0,,0.0,56.2,,4.8,200.0,128.0,90.6,10.0,34.3,192.0
,0.0,209.0,,128.0,,51.6,,56.2,50.0,,3.3,53.1,,7.3,157.0,121.0,93.7,7.5,46.8,158.0
,0.0,212.0,,128.0,,50.0,,48.4,50.0,,3.1,50.0,,9.7,162.0,128.0,93.7,7.5,43.7,192.0
,0.0,206.0,,131.0,,53.1,,44.1,51.6,,3.3,53.1,,7.5,197.0,128.0,90.6,7.3,46.8,202.0
,3.4,206.0,,128.0,,46.8,,50.0,43.7,,3.3,50.0,,7.3,157.0,127.0,100.0,10.0,46.8,205.0
,3.3,200.0,,124.0,,50.0,,43.7,53.1,,3.1,43.7,,7.3,197.0,121.0,90.6,7.5,40.6,205.0
,3.3,216.0,,111.0,,46.8,,48.4,50.0,,3.4,46.8,,10.0,147.0,125.0,87.5,7.5,50.0,205.0
,0.0,206.0,,131.0,,48.3,,57.5,46.8,,3.3,53.1,,10.0,197.0,121.0,103.0,10.0,40.6,200.0
,3.2,212.0,,131.0,,36.3,,58.8,53.1,,3.1,50.0,,7.3,185.0,115.0,96.8,10.0,46.8,210.0
,3.2,206.0,,131.0,,50.0,,56.2,50.0,,3.3,53.1,,,180.0,131.0,87.5,9.7,34.3,160.0
,0.0,209.0,,124.0,,53.1,,53.1,50.0,,3.1,46.8,,,200.0,125.0,96.8,7.5,39.3,177.0
,0.0,206.0,,131.0,,56.2,,53.1,53.1,,3.2,50.0,,,152.0,125.0,93.7,15.0,40.6,205.0
,3.2,206.0,,131.0,,46.8,,46.8,50.0,,0.0,46.8,,,158.0,131.0,90.6,5.0,37.5,122.0
,0.0,200.0,,121.0,,50.0,,48.4,48.4,,3.2,48.4,,,162.0,128.0,96.8,7.5,50.0,202.0
,0.0,212.0,,125.0,,40.6,,62.5,100.0,,3.4,53.1,,,187.0,131.0,87.5,9.3,31.2,200.0
,0.0,212.0,,128.0,,50.0,,51.6,53.1,,3.1,53.1,,,207.0,125.0,87.5,7.5,50.0,187.0
,0.0,206.0,,115.0,,50.0,,59.3,46.8,,3.3,50.0,,,147.0,116.0,93.7,10.0,46.8,180.0
,3.3,206.0,,109.0,,50.0,,40.6,50.0,,3.2,46.8,,,155.0,118.0,81.2,7.5,50.0,190.0
,0.0,215.0,,125.0,,53.1,,59.3,46.8,,3.1,50.0,,,171.0,125.0,100.0,7.5,46.8,152.0
,0.0,209.0,,128.0,,46.8,,48.4,46.8,,3.3,56.2,,,202.0,115.0,90.6,10.0,34.3,126.0
,0.0,209.0,,127.0,,50.0,,59.3,50.0,,3.3,51.5,,,190.0,125.0,93.7,7.5,43.7,185.0
,0.0,206.0,,125.0,,50.0,,56.2,50.0,,3.2,50.0,,,197.0,115.0,96.8,4.8,34.3,148.0
,3.2,206.0,,128.0,,46.8,,53.1,50.0,,3.3,53.1,,,205.0,115.0,87.5,7.3,50.0,174.0
,0.0,206.0,,131.0,,46.8,,53.1,53.1,,3.1,50.0,,,175.0,125.0,100.0,10.0,43.7,134.0
,0.0,216.0,,121.0,,53.1,,54.8,50.0,,0.0,50.0,,,202.0,121.0,93.7,9.7,37.5,184.0
,0.0,203.0,,128.0,,50.0,,59.3,48.4,,3.2,46.8,,,147.0,118.0,100.0,7.3,46.8,165.0
,3.2,206.0,,128.0,,43.7,,43.7,46.8,,3.3,59.3,,,195.0,128.0,96.8,9.7,31.2,170.0
,0.0,200.0,,125.0,,50.0,,59.3,46.8,,3.2,53.1,,,,112.0,93.7,,50.0,
,0.0,209.0,,109.0,,53.1,,43.7,46.8,,3.1,53.1,,,,131.0,93.7,,34.3,
,0.0,206.0,,131.0,,53.1,,56.2,46.8,,3.3,51.5,,,,128.0,96.8,,46.8,
,0.0,212.0,,131.0,,46.8,,53.1,43.7,,3.4,53.1,,,,118.0,93.7,,34.3,
,3.4,206.0,,128.0,,46.8,,71.8,50.0,,3.1,50.0,,,,128.0,100.0,,42.4,
,0.0,200.0,,112.0,,50.0,,59.3,43.7,,3.2,46.8,,,,128.0,93.7,,50.0,
,0.0,206.0,,115.0,,50.0,,62.5,50.0,,0.0,50.0,,,,112.0,93.7,,50.0,
,0.0,212.0,,128.0,,50.0,,51.5,50.0,,3.1,53.1,,,,127.0,87.5,,43.7,
,0.0,212.0,,124.0,,50.0,,50.0,50.0,,3.3,50.0,,,,125.0,100.0,,37.5,
,0.0,212.0,,128.0,,53.1,,48.4,46.8,,3.3,53.1,,,,121.0,93.7,,45.4,
,0.0,212.0,,121.0,,50.0,,43.7,46.8,,3.2,50.0,,,,121.0,93.7,,34.3,
,0.0,206.0,,125.0,,45.4,,56.2,50.0,,3.1,56.2,,,,118.0,103.0,,45.4,
,0.0,206.0,,128.0,,46.8,,46.8,50.0,,3.2,53.1,,,,128.0,87.5,,46.8,
,0.0,206.0,,125.0,,56.2,,51.5,50.0,,3.2,50.0,,,,115.0,93.7,,50.0,
,0.0,206.0,,128.0,,50.0,,48.4,50.0,,3.2,53.1,,,,140.0,96.8,,43.7,
,3.2,209.0,,128.0,,50.0,,50.0,50.0,,3.1,53.1,,,,131.0,93.5,,50.0,
,0.0,203.0,,125.0,,50.0,,53.1,50.0,,3.2,50.0,,,,128.0,96.8,,40.6,
,0.0,206.0,,128.0,,46.8,,50.0,50.0,,3.3,46.8,,,,125.0,90.6,,33.3,
,3.3,209.0,,131.0,,46.8,,56.2,50.0,,3.2,50.0,,,,,96.8,,45.4,
,3.3,212.0,,128.0,,46.8,,42.4,53.1,,3.2,46.8,,,,,90.6,,50.0,
,0.0,212.0,,118.0,,50.0,,53.1,53.1,,3.2,53.1,,,,,90.6,,43.7,
,0.0,209.0,,121.0,,46.8,,51.5,43.7,,3.4,56.2,,,,,100.0,,46.8,
,0.0,200.0,,127.0,,50.0,,53.1,46.8,,3.4,50.0,,,,,84.3,,34.3,
,0.0,206.0,,137.0,,46.8,,65.6,53.1,,3.2,46.8,,,,,100.0,,43.7,
,0.0,216.0,,134.0,,59.3,,59.3,50.0,,3.2,46.8,,,,,100.0,,34.3,
,3.2,206.0,,115.0,,46.8,,54.5,50.0,,6.8,46.8,,,,,84.3,,45.4,
,0.0,209.0,,125.0,,43.7,,56.2,50.0,,3.3,45.4,,,,,96.8,,46.8,
,0.0,203.0,,127.0,,46.8,,59.3,56.2,,3.4,50.0,,,,,100.0,,40.6,
,3.4,209.0,,118.0,,50.0,,43.7,42.4,,3.1,50.0,,,,,116.0,,46.8,
,3.4,209.0,,128.0,,50.0,,56.2,45.4,,3.1,50.0,,,,,100.0,,34.3,
,3.4,209.0,,112.0,,50.0,,56.2,50.0,,3.1,46.8,,,,,100.0,,41.1,
,0.0,212.0,,134.0,,50.0,,60.6,50.0,,0.0,53.1,,,,,84.3,,34.3,
,0.0,203.0,,121.0,,46.8,,53.1,53.1,,3.3,50.0,,,,,118.0,,46.8,
,0.0,209.0,,131.0,,46.8,,53.1,50.0,,3.3,50.0,,,,,93.7,,34.3,
,0.0,209.0,,121.0,,50.0,,62.5,53.1,,3.3,53.1,,,,,96.8,,46.8,
,0.0,206.0,,121.0,,53.1,,53.1,50.0,,0.0,50.0,,,,,96.8,,46.8,
,0.0,206.0,,125.0,,,,,,,,,,,,,,,,
,0.0,212.0,,131.0,,,,,,,,,,,,,,,,
,0.0,206.0,,121.0,,,,,,,,,,,,,,,,
,3.4,203.0,,121.0,,,,,,,,,,,,,,,,
,3.4,212.0,,112.0,,,,,,,,,,,,,,,,
,0.0,212.0,,125.0,,,,,,,,,,,,,,,,
,0.0,206.0,,124.0,,,,,,,,,,,,,,,,
,3.4,212.0,,124.0,,,,,,,,,,,,,,,,
,0.0,212.0,,125.0,,,,,,,,,,,,,,,,
,0.0,206.0,,125.0,,,,,,,,,,,,,,,,
,0.0,212.0,,118.0,,,,,,,,,,,,,,,,
,0.0,206.0,,118.0,,,,,,,,,,,,,,,,
,0.0,206.0,,131.0,,,,,,,,,,,,,,,,
,0.0,200.0,,156.0,,,,,,,,,,,,,,,,
,0.0,216.0,,134.0,,,,,,,,,,,,,,,,
,0.0,206.0,,124.0,,,,,,,,,,,,,,,,
,3.4,206.0,,121.0,,,,,,,,,,,,,,,,
,3.3,206.0,,119.0,,,,,,,,,,,,,,,,
,0.0,209.0,,,,,,,,,,,,,,,,,,
,0.0,190.0,,,,,,,,,,,,,,,,,,
,0.0,203.0,,,,,,,,,,,,,,,,,,
,0.0,209.0,,,,,,,,,,,,,,,,,,
,0.0,200.0,,,,,,,,,,,,,,,,,,
,0.0,196.0,,,,,,,,,,,,,,,,,,
,0.0,222.0,,,,,,,,,,,,,,,,,,
,0.0,206.0,,,,,,,,,,,,,,,,,,
,0.0,206.0,,,,,,,,,,,,,,,,,,
,3.3,209.0,,,,,,,,,,,,,,,,,,
,0.0,209.0,,,,,,,,,,,,,,,,,,
,0.0,206.0,,,,,,,,,,,,,,,,,,
,0.0,196.0,,,,,,,,,,,,,,,,,,
,3.3,206.0,,,,,,,,,,,,,,,,,,
,0.0,206.0,,,,,,,,,,,,,,,,,,
,0.0,206.0,,,,,,,,,,,,,,,,,,
,3.4,209.0,,,,,,,,,,,,,,,,,,
,3.4,212.0,,,,,,,,,,,,,,,,,,
