,,,,,,,,,,,,,,,,,,,,
--------------------------------------------------------------------------------,,,,,,,,,,,,,,,,,,,,
 \t MAR SECURITY - AUTOMATED TEST SUITE,,,,,,,,,,,,,,,,,,,,
--------------------------------------------------------------------------------,,,,,,,,,,,,,,,,,,,,
,,,,,,,,,,,,,,,,,,,,
--------------------------------------------------------------------------------,,,,,,,,,,,,,,,,,,,,
 \t TESTING APPLICATION: Barcode-Text-9min,,,,,,,,,,,,,,,,,,,,
--------------------------------------------------------------------------------,,,,,,,,,,,,,,,,,,,,
,,,,,,,,,,,,,,,,,,,,
Application output directory created at: output/Barcode-Text-9min,,,,,,,,,,,,,,,,,,,,
Output will be written to file: output/Barcode-Text-9min/Barcode-Text-9min.2020-10-07.160533.csv,,,,,,,,,,,,,,,,,,,,
,,,,,,,,,,,,,,,,,,,,
Running test script with params: ,,,,,,,,,,,,,,,,,,,,
\t Application package name: \t\t edu.temple.mar_security.headless_fb_mal,,,,,,,,,,,,,,,,,,,,
\t Application local name: \t\t Barcode-Text-9min,,,,,,,,,,,,,,,,,,,,
\t Run time (milliseconds): \t\t\t 510000,,,,,,,,,,,,,,,,,,,,
,,,,,,,,,,,,,,,,,,,,
  bash arg: -p,,,,,,,,,,,,,,,,,,,,
  bash arg: edu.temple.mar_security.headless_fb_mal,,,,,,,,,,,,,,,,,,,,
  bash arg: 1,,,,,,,,,,,,,,,,,,,,
Events injected: 1,,,,,,,,,,,,,,,,,,,,
## Network stats: elapsed time=17ms (0ms mobile, 0ms wifi, 17ms not connected),,,,,,,,,,,,,,,,,,
,,,,,,,,,,,,,,,,,,,,
--------------------------------------------------------------------------------,,,,,,,,,,,,,,,,,,,,
,,,,,,,,,,,,,,,,,,,,
App PID: 29885,,,,,,,,,,,,,,,,,,,,
Trial start time (ms): 1602101133966,,,,,,,,,,,,,,,,,,,,
,,,,,,,,,,,,,,,,,,,,
TRIAL,ELAPSED_TIME_MS,CPU_PERC,MEM_PERC, EM_STOR_SIZE_KB,EM_STOR_AVAIL_KB,EM_STOR_USED_KB,EM_STOR_USE_PERC,APP_DIR_SIZE_KB, TOTAL_MEM_KB,FREE_MEM_KB,AVAIL_MEM_KB, FLAGS,UTIME,STIME,CUTIME,CSTIME,PRIORITY,NUM_THREADS,START_TIME,RSS
1,,75,0.9,113468064,67409824,45517568,41,1108,7819780,1290972,4287412,1077952832,45,6,0,0,10,23,25959285,26350
2,1076,117,1.6,113468064,67409824,45517568,41,1108,7819780,1270808,4215448,1077952832,108,10,0,0,10,39,25959285,36066
3,1590,113,1.8,113468064,67409824,45517568,41,1108,7819780,1260888,4214780,1077952832,172,10,0,0,10,39,25959285,36213
4,2142,124,1.8,113468064,67409824,45517568,41,1108,7819780,1267060,4220992,1077952832,254,12,0,0,10,39,25959285,32531
5,2886,113,1.7,113468064,67409824,45517568,41,1108,7819780,1255728,4200408,4211008,336,15,0,0,10,39,25959285,36891
6,3566,124,1.8,113468064,67409820,45517572,41,1108,7819780,1235448,4180152,1077952832,412,18,0,0,10,39,25959285,37659
7,4258,113,2,113468064,67409820,45517572,41,1108,7819780,1217880,4171832,1077952832,498,20,0,0,10,39,25959285,41835
8,5012,113,2.1,113468064,67409820,45517572,41,1108,7819780,1207256,4151960,1077952832,582,20,0,0,10,35,25959285,47053
9,5706,113,2.4,113468064,67409820,45517572,41,1108,7819780,1191380,4145348,4211008,654,23,0,0,10,35,25959285,37590
10,6347,113,1.9,113468064,67409820,45517572,41,1108,7819780,1233304,4187272,1077952832,734,25,0,0,10,35,25959285,40945
11,7073,113,2.1,113468064,67409820,45517572,41,1108,7819780,1220832,4165548,1077952832,811,27,0,0,10,35,25959285,42989
12,7767,117,1.8,113468064,67409820,45517572,41,1108,7819780,1223776,4177744,1077952832,895,30,0,0,10,35,25959285,39909
13,8511,113,2.1,113468064,67409820,45517572,41,1108,7819780,1210200,4154916,1077952832,986,31,0,0,10,35,25959285,36806
14,9299,110,1.9,113468064,67409820,45517572,41,1108,7819780,1206952,4160920,1077952832,1064,34,0,0,10,35,25959285,40314
15,10009,113,2,113468064,67409820,45517572,41,1108,7819780,1190560,4135280,1077952832,1147,37,0,0,10,35,25959285,35669
16,10760,113,2.3,113468064,67409820,45517572,41,1108,7819780,1203364,4156408,1077952832,1229,38,0,0,10,35,25959285,48309
17,11464,113,2.4,113468064,67409820,45517572,41,1108,7819780,1180020,4133996,1077952832,1318,40,0,0,10,35,25959285,44431
18,12247,113,2.3,113468064,67409820,45517572,41,1108,7819780,1223220,4167928,1077952832,1400,41,0,0,10,35,25959285,47423
19,12994,120,2.4,113468064,67409820,45517572,41,1108,7819780,1232716,4186676,1077952832,1488,44,0,0,10,35,25959285,44197
20,13760,106,2.3,113468064,67409820,45517572,41,1108,7819780,1214204,4168164,1077952832,1571,45,0,0,10,35,25959285,47070
21,14499,117,2.1,113468064,67409820,45517572,41,1108,7819780,1213844,4159188,1077952832,1648,47,0,0,10,35,25959285,44641
22,15182,110,2.3,113468064,67409820,45517572,41,1108,7819780,1198184,4152144,1077952832,1734,47,0,0,10,35,25959285,48037
23,15929,113,2.1,113468064,67409820,45517572,41,1108,7819780,1204484,4158444,1077952832,1813,51,0,0,10,35,25959285,44483
24,16668,113,2.2,113468064,67409820,45517572,41,1108,7819780,1189340,4134048,1077952832,1896,53,0,0,10,35,25959285,41324
25,17406,113,2.1,113468064,67409820,45517572,41,1108,7819780,1238320,4192576,1077952832,1980,55,0,0,10,35,25959285,44854
26,18144,113,2.2,113468064,67409820,45517572,41,1108,7819780,1240428,4194684,1077952832,2062,56,0,0,10,35,25959285,42554
27,18882,110,2.1,113468064,67409820,45517572,41,1108,7819780,1227856,4182112,1077952832,2142,57,0,0,10,35,25959285,44773
28,19593,113,2.3,113468064,67409820,45517572,41,1108,7819780,1211712,4165968,1077952832,2229,61,0,0,10,35,25959285,54758
29,20339,109,2.8,113468064,67409820,45517572,41,1108,7819780,1220176,4166784,1077952832,2305,63,0,0,10,35,25959285,58774
30,21030,113,3,113468064,67409820,45517572,41,1108,7819780,1209252,4163508,1077952832,2384,65,0,0,10,35,25959285,60677
31,21709,103,2.7,113468064,67409820,45517572,41,1108,7819780,1221460,4166464,1077952832,2453,67,0,0,10,35,25959285,55940
32,22381,110,2.8,113468064,67409820,45517572,41,1108,7819780,1205552,4150556,1077952832,2528,69,0,0,10,35,25959285,57859
33,23036,113,2.9,113468064,67409820,45517572,41,1108,7819780,1190788,4145044,1077952832,2601,72,0,0,10,35,25959285,53970
34,23698,110,2.7,113468064,67409820,45517572,41,1108,7819780,1194852,4149108,1077952832,2681,72,0,0,10,35,25959285,55972
35,24438,131,2.8,113468064,67409820,45517572,41,1108,7819780,1206972,4161228,1077952832,2771,74,0,0,10,35,25959285,53606
36,25186,113,2.7,113468064,67409820,45517572,41,1108,7819780,1189704,4135344,1077952832,2856,75,0,0,10,35,25959285,56199
37,25933,106,2.6,113468064,67409820,45517572,41,1108,7819780,1186188,4140444,1077952832,2943,80,0,0,10,35,25959285,53300
38,26721,110,2.7,113468064,67409820,45517572,41,1108,7819780,1173072,4118100,1077952832,3025,82,0,0,10,35,25959285,55471
39,27482,117,2.5,113468064,67409924,45517468,41,1108,7819780,1183228,4128168,1077952832,3108,86,0,0,10,35,25959285,51868
40,28212,110,2.7,113468064,67409924,45517468,41,1108,7819780,1167444,4113020,1077952832,3193,87,0,0,10,35,25959285,54784
41,28982,109,2.5,113468064,67410132,45517260,41,1108,7819780,1168692,4113424,1077952832,3283,88,0,0,10,35,25959285,51927
42,29759,110,2.6,113468064,67410132,45517260,41,1108,7819780,1152156,4096888,1077952832,3368,90,0,0,10,35,25959285,48465
43,30523,109,2.5,113468064,67410132,45517260,41,1108,7819780,1157784,4111768,1077952832,3455,92,0,0,10,34,25959285,51217
44,31304,124,2.6,113468064,67410132,45517260,41,1108,7819780,1161572,4114612,1077952832,3545,92,0,0,10,34,25959285,48680
45,32066,113,2.5,113468064,67410132,45517260,41,1108,7819780,1142348,4087540,1077952832,3634,92,0,0,10,34,25959285,51748
46,32832,124,2.6,113468064,67410132,45517260,41,1108,7819780,1146084,4099128,1077952832,3720,94,0,0,10,34,25959285,71344
47,33585,113,3.6,113468064,67410132,45517260,41,1108,7819780,1129652,4082696,1077952832,3801,96,0,0,10,34,25959285,73622
48,34329,110,3.5,113468064,67410132,45517260,41,1108,7819780,1139312,4092356,1077952832,3889,97,0,0,10,34,25959285,70770
49,35088,120,3.6,113468064,67410132,45517260,41,1108,7819780,1119920,4072964,1077952832,3971,100,0,0,10,34,25959285,73252
50,35827,103,3.4,113468064,67410132,45517260,41,1108,7819780,1124880,4077924,1077952832,4054,103,0,0,10,34,25959285,69635
51,36592,109,3.6,113468064,67410940,45516452,41,1108,7819780,1135252,4087480,1077952832,4138,105,0,0,10,34,25959285,68655
52,37348,113,3.5,113468064,67410940,45516452,41,1108,7819780,1115676,4067916,1077952832,4223,106,0,0,10,34,25959285,70995
53,38106,109,3.3,113468064,67410940,45516452,41,1108,7819780,1115576,4058564,1077952832,4315,108,0,0,10,34,25959285,69156
54,38882,110,3.5,113468064,67410940,45516452,41,1108,7819780,1097060,4040048,4211008,4393,111,0,0,10,34,25959285,65144
55,39598,110,3.4,113468064,67410940,45516452,41,1108,7819780,1105052,4048040,1077952832,4483,112,0,0,10,34,25959285,68178
56,40395,109,3.4,113468064,67410940,45516452,41,1108,7819780,1100480,4052720,1077952832,4573,113,0,0,10,34,25959285,64593
57,41182,110,3.3,113468064,67410940,45516452,41,1108,7819780,1087368,4031760,1077952832,4659,117,0,0,10,34,25959285,61507
58,41971,113,3.1,113468064,67410940,45516452,41,1108,7819780,1088140,4040380,1077952832,4727,122,0,0,10,34,25959285,65353
59,42599,117,3.3,113468064,67410940,45516452,41,1108,7819780,1097128,4040116,1077952832,4802,125,0,0,10,34,25959285,71494
60,43291,113,3.6,113468064,67410940,45516452,41,1108,7819780,1077104,4029352,1077952832,4883,127,0,0,10,34,25959285,73512
61,44050,113,3.7,113468064,67410940,45516452,41,1108,7819780,1087488,4039736,1077952832,4969,129,0,0,10,34,25959285,70432
62,44811,113,3.6,113468064,67410940,45516452,41,1108,7819780,1065224,4017472,1077952832,5058,130,0,0,10,34,25959285,72841
63,45586,131,3.7,113468064,67410940,45516452,41,1108,7819780,1069076,4021324,1077952832,5143,130,0,0,10,34,25959285,70855
64,46308,110,3.6,113468064,67410940,45516452,41,1108,7819780,1056496,4008744,4211008,5228,132,0,0,10,34,25959285,72784
65,47090,106,3.4,113468064,67410940,45516452,41,1108,7819780,1061196,4004192,1077952832,5315,135,0,0,10,34,25959285,70889
66,47871,110,4.2,113468064,67410940,45516452,41,1108,7819780,1045700,3988696,1077952832,5399,135,0,0,10,34,25959285,84122
67,48562,113,4,113468064,67410940,45516452,41,1108,7819780,1047932,4000180,1077952832,5477,139,0,0,10,34,25959285,91736
68,49333,120,4.7,113468064,67410940,45516452,41,1108,7819780,1051616,3996948,1077952832,5565,141,0,0,10,34,25959285,90245
69,50069,113,4.6,113468064,67410940,45516452,41,1108,7819780,1030712,3982960,1077952832,5644,142,0,0,10,34,25959285,93735
70,50795,127,4.7,113468064,67410940,45516452,41,1108,7819780,1036168,3988416,1077952832,5727,145,0,0,10,34,25959285,89267
71,51531,106,4.6,113468064,67410940,45516452,41,1108,7819780,1021332,3973580,1077952832,5807,148,0,0,10,34,25959285,92134
72,52287,113,4.7,113468064,67410940,45516452,41,1108,7819780,1004644,3956892,1077952832,5896,150,0,0,10,34,25959285,86992
73,53037,110,4.5,113468064,67410940,45516452,41,1108,7819780,1011936,3964184,1077952832,5977,152,0,0,10,34,25959285,90083
74,53777,119,4.6,113468064,67410940,45516452,41,1108,7819780,1022412,3974660,4211008,6067,153,0,0,10,34,25959285,88748
75,54543,106,4.5,113468064,67410940,45516452,41,1108,7819780,999940,3952188,1077952832,6151,155,0,0,10,34,25959285,89869
76,55317,106,4.6,113468064,67410940,45516452,41,1108,7819780,1007192,3950188,1077952832,6235,159,0,0,10,34,25959285,87058
77,56082,113,4.4,113468064,67410940,45516452,41,1108,7819780,990576,3934976,4211008,6317,160,0,0,10,34,25959285,89591
78,56837,126,4.5,113468064,67410940,45516452,41,1108,7819780,1007072,3959320,1077952832,6406,164,0,0,10,34,25959285,84614
79,57573,106,5.4,113468064,67411108,45516284,41,1108,7819780,985392,3937476,1077952832,6491,165,0,0,10,34,25959285,109733
80,58309,117,5.6,113468064,67411108,45516284,41,1108,7819780,973616,3916448,1077952832,6575,166,0,0,10,34,25959285,104343
81,59056,103,5.4,113468064,67411108,45516284,41,1108,7819780,983012,3925844,1077952832,6656,169,0,0,10,34,25959285,108886
82,59806,120,5.6,113468064,67411108,45516284,41,1108,7819780,989156,3931988,1077952832,6744,171,0,0,10,34,25959285,106136
83,60579,110,5.4,113468064,67411108,45516284,41,1108,7819780,965408,3917492,1077952832,6831,173,0,0,10,34,25959285,123062
84,61371,106,6,113468064,67411108,45516284,41,1108,7819780,966584,3909412,1077952832,6916,176,0,0,10,34,25959285,121485
85,62142,117,6.2,113468064,67411108,45516284,41,1108,7819780,954420,3906500,1077952832,6999,180,0,0,10,34,25959285,117446
86,62882,103,6.1,113468064,67411108,45516284,41,1108,7819780,958000,3910088,1077952832,7086,181,0,0,10,34,25959285,119933
87,63649,116,6.2,113468064,67411108,45516284,41,1108,7819780,965024,3917112,1077952832,7163,183,0,0,10,34,25959285,116363
88,64340,106,6,113468064,67411108,45516284,41,1108,7819780,944168,3896256,1077952832,7251,183,0,0,10,34,25959285,120587
89,65076,117,6.1,113468064,67411108,45516284,41,1108,7819780,927176,3872348,1077952832,7336,186,0,0,10,34,25959285,117155
90,65853,113,5.9,113468064,67411108,45516284,41,1108,7819780,932792,3884880,1077952832,7420,188,0,0,10,34,25959285,119006
91,66609,110,6,113468064,67411108,45516284,41,1108,7819780,939036,3891124,1077952832,7504,190,0,0,10,34,25959285,115726
92,67378,116,5.9,113468064,67411108,45516284,41,1108,7819780,923744,3866580,1077952832,7590,191,0,0,10,34,25959285,117997
93,68150,100,6.1,113468064,67411108,45516284,41,1108,7819780,909968,3852804,1077952832,7678,192,0,0,10,34,25959285,121998
94,68906,116,5.8,113468064,67411108,45516284,41,1108,7819780,919068,3861904,1077952832,7764,194,0,0,10,34,25959285,117010
95,69664,110,5.9,113468064,67411108,45516284,41,1108,7819780,904820,3847656,1077952832,7847,195,0,0,10,34,25959285,113931
96,70421,106,5.8,113468064,67411108,45516284,41,1108,7819780,910964,3853800,1077952832,7930,197,0,0,10,34,25959285,116634
97,71183,116,6,113468064,67411108,45516284,41,1108,7819780,912404,3864492,1077952832,8020,197,0,0,10,34,25959285,114999
98,71947,116,5.8,113468064,67411108,45516284,41,1108,7819780,892184,3844272,1077952832,8108,200,0,0,10,34,25959285,117543
99,72734,120,6,113468064,67411108,45516284,41,1108,7819780,896208,3848296,1077952832,8198,202,0,0,10,34,25959285,114411
100,73509,110,5.8,113468064,67411108,45516284,41,1108,7819780,886344,3838432,1077952832,8277,205,0,0,10,34,25959285,116797
101,74261,113,5.7,113468064,67411108,45516284,41,1108,7819780,888392,3840480,1077952832,8361,210,0,0,10,34,25959285,113682
102,75015,117,5.8,113468064,67411108,45516284,41,1108,7819780,871060,3823148,1077952832,8448,210,0,0,10,34,25959285,116614
103,75774,100,5.6,113468064,67411108,45516284,41,1108,7819780,875724,3818560,1077952832,8535,213,0,0,10,34,25959285,113397
104,76580,110,5.7,113468064,67411108,45516284,41,1108,7819780,859028,3801864,1077952832,8618,218,0,0,10,34,25959285,125152
105,77307,113,6.4,113468064,67411108,45516284,41,1108,7819780,868088,3820180,1077952832,8703,220,0,0,10,34,25959285,128183
106,78046,106,6.5,113468064,67411108,45516284,41,1108,7819780,848208,3791048,1077952832,8781,221,0,0,10,34,25959285,124128
107,78748,113,6.4,113468064,67411108,45516284,41,1108,7819780,858412,3802872,1077952832,8867,222,0,0,10,34,25959285,127895
108,79498,123,6.5,113468064,67411108,45516284,41,1108,7819780,864728,3807572,1077952832,8953,224,0,0,10,34,25959285,124870
109,80245,110,6.4,113468064,67411108,45516284,41,1108,7819780,843332,3795428,1077952832,9033,226,0,0,10,34,25959285,126914
110,80989,117,6.5,113468064,67411108,45516284,41,1108,7819780,855092,3807188,1077952832,9118,228,0,0,10,34,25959285,123424
111,81758,113,6.3,113468064,67411108,45516284,41,1108,7819780,835608,3787704,1077952832,9201,229,0,0,10,34,25959285,125354
112,82504,110,6.2,113468064,67411108,45516284,41,1108,7819780,837748,3781228,1077952832,9288,231,0,0,10,34,25959285,124382
113,83265,110,6.3,113468064,67411108,45516284,41,1108,7819780,818568,3770668,1077952832,9372,235,0,0,10,34,25959285,126256
114,84030,117,6.4,113468064,67411108,45516284,41,1108,7819780,835844,3787944,1077952832,9448,240,0,0,10,34,25959285,121529
115,84756,124,6.2,113468064,67411108,45516284,41,1108,7819780,818064,3770164,1077952832,9534,240,0,0,10,34,25959285,124207
116,85459,120,6.3,113468064,67411108,45516284,41,1108,7819780,817480,3760328,1077952832,9617,243,0,0,10,34,25959285,121044
117,86197,113,6.2,113468064,67411108,45516284,41,1108,7819780,804944,3757044,1077952832,9702,246,0,0,10,34,25959285,123309
118,86964,116,6.3,113468064,67411108,45516284,41,1108,7819780,810528,3762628,1077952832,9789,248,0,0,10,34,25959285,120908
119,87722,110,6.1,113468064,67411108,45516284,41,1108,7819780,792852,3744952,1077952832,9870,250,0,0,10,34,25959285,123271
120,88473,110,6,113468064,67411108,45516284,41,1108,7819780,795208,3740392,1077952832,9953,256,0,0,10,34,25959285,121190
121,89262,117,6.2,113468064,67411108,45516284,41,1108,7819780,783136,3725984,1077952832,10044,258,0,0,10,34,25959285,118014
122,90035,117,6.1,113468064,67411108,45516284,41,1108,7819780,784924,3727772,1077952832,10128,259,0,0,10,34,25959285,121724
123,90783,109,6.2,113468064,67411108,45516284,41,1108,7819780,785252,3728100,1077952832,10217,260,0,0,10,34,25959285,118737
124,91539,113,6,113468064,67411108,45516284,41,1108,7819780,767360,3710208,1077952832,10296,261,0,0,10,34,25959285,121065
125,92265,113,5.8,113468064,67411108,45516284,41,1108,7819780,777160,3720008,1077952832,10383,264,0,0,10,34,25959285,117482
126,93046,113,6,113468064,67411108,45516284,41,1108,7819780,761768,3706936,1077952832,10472,266,0,0,10,34,25959285,141661
127,93814,127,7.2,113468064,67411108,45516284,41,1108,7819780,762648,3705496,1077952832,10551,268,0,0,10,34,25959285,144969
128,94544,106,7.4,113468064,67411108,45516284,41,1108,7819780,750540,3693388,1077952832,10635,269,0,0,10,34,25959285,139863
129,95277,106,7.8,113468064,67411108,45516284,41,1108,7819780,754620,3697468,1077952832,10718,271,0,0,10,34,25959285,155813
130,96017,110,7.9,113468064,67411108,45516284,41,1108,7819780,736788,3688888,1077952832,10802,273,0,0,10,34,25959285,163217
131,96771,113,8.4,113468064,67411108,45516284,41,1108,7819780,739900,3682752,1077952832,10883,275,0,0,10,34,25959285,166146
132,97510,110,8.5,113468064,67411108,45516284,41,1108,7819780,726212,3674420,1077952832,10968,278,0,0,10,34,25959285,161953
133,98253,110,8.3,113468064,67411108,45516284,41,1108,7819780,737288,3680912,1077952832,11056,280,0,0,10,34,25959285,164771
134,99040,110,8.4,113468064,67411108,45516284,41,1108,7819780,741612,3693720,1077952832,11144,282,0,0,10,34,25959285,160971
135,99812,110,8.3,113468064,67411108,45516284,41,1108,7819780,718324,3661180,4211008,11227,284,0,0,10,34,25959285,165040
136,100573,106,8.1,113468064,67411108,45516284,41,1108,7819780,726032,3668888,1077952832,11316,285,0,0,10,34,25959285,162589
137,101368,113,8.3,113468064,67411108,45516284,41,1108,7819780,705820,3648676,1077952832,11403,288,0,0,10,34,25959285,158846
138,102097,106,8.1,113468064,67411108,45516284,41,1108,7819780,710300,3653156,1077952832,11484,291,0,0,10,34,25959285,162089
139,102869,110,8.3,113468064,67411108,45516284,41,1108,7819780,690376,3642484,1077952832,11569,292,0,0,10,34,25959285,181821
140,103653,106,9.3,113468064,67411108,45516284,41,1108,7819780,695148,3647256,1077952832,11657,293,0,0,10,34,25959285,184483
141,104433,131,9.4,113468064,67411108,45516284,41,1108,7819780,705448,3648304,1077952832,11745,295,0,0,10,34,25959285,181227
142,105182,110,9.3,113468064,67411108,45516284,41,1108,7819780,684804,3636912,1077952832,11829,296,0,0,10,34,25959285,184162
143,105936,120,9.4,113468064,67411108,45516284,41,1108,7819780,686128,3638236,1077952832,11910,299,0,0,10,34,25959285,182152
144,106676,103,9.3,113468064,67411108,45516284,41,1108,7819780,674088,3616944,1077952832,11995,301,0,0,10,34,25959285,178912
145,107412,110,9.2,113468064,67411108,45516284,41,1108,7819780,674340,3626448,1077952832,12077,303,0,0,10,34,25959285,182299
146,108162,110,9.3,113468064,67411108,45516284,41,1108,7819780,682868,3634976,1077952832,12160,304,0,0,10,34,25959285,178866
147,108902,110,9.2,113468064,67411108,45516284,41,1108,7819780,661212,3604068,1077952832,12242,306,0,0,10,34,25959285,182701
148,109658,120,10,113468064,67411108,45516284,41,1108,7819780,671576,3623684,1077952832,12329,307,0,0,10,34,25959285,193427
149,110373,113,9.9,113468064,67411108,45516284,41,1108,7819780,648376,3600484,1077952832,12411,307,0,0,10,34,25959285,195761
150,111082,113,10,113468064,67411108,45516284,41,1108,7819780,652424,3604532,4211008,12488,310,0,0,10,34,25959285,194560
151,111819,121,9.9,113468064,67411108,45516284,41,1108,7819780,633720,3585828,1077952832,12567,310,0,0,10,34,25959285,197112
152,112496,120,10.1,113468064,67411108,45516284,41,1108,7819780,640788,3592896,1077952832,12651,312,0,0,10,34,25959285,192705
153,113264,113,9.8,113468064,67411108,45516284,41,1108,7819780,626216,3578324,1077952832,12734,314,0,0,10,34,25959285,204370
154,113980,113,10.2,113468064,67411108,45516284,41,1108,7819780,627584,3570440,1077952832,12823,314,0,0,10,34,25959285,202575
155,114734,106,10.3,113468064,67411108,45516284,41,1108,7819780,608756,3560864,1077952832,12911,316,0,0,10,34,25959285,203569
156,115526,113,10.5,113468064,67411108,45516284,41,1108,7819780,614076,3556932,1077952832,12996,317,0,0,10,34,25959285,207640
157,116285,113,10.6,113468064,67411108,45516284,41,1108,7819780,595068,3547176,1077952832,13077,321,0,0,10,34,25959285,202450
158,117011,106,10.4,113468064,67411108,45516284,41,1108,7819780,603316,3546236,1077952832,13159,323,0,0,10,34,25959285,206439
159,117759,113,10.5,113468064,67411108,45516284,41,1108,7819780,600988,3553160,1077952832,13244,324,0,0,10,34,25959285,204805
160,118523,113,10.5,113468064,67411108,45516284,41,1108,7819780,586472,3529396,1077952832,13334,326,0,0,10,34,25959285,201321
161,119301,113,10.4,113468064,67411108,45516284,41,1108,7819780,584116,3536296,1077952832,13418,327,0,0,10,34,25959285,210759
162,120043,120,10.8,113468064,67411108,45516284,41,1108,7819780,593760,3536688,1077952832,13501,331,0,0,10,34,25959285,208425
163,120781,110,10.7,113468064,67411108,45516284,41,1108,7819780,569932,3521968,1077952832,13576,335,0,0,10,34,25959285,211318
164,121525,106,10.5,113468064,67411108,45516284,41,1108,7819780,569936,3512864,1077952832,13667,337,0,0,10,34,25959285,210615
165,122310,103,10.7,113468064,67411108,45516284,41,1108,7819780,552308,3504488,1077952832,13755,340,0,0,10,34,25959285,211915
166,123079,113,10.8,113468064,67411108,45516284,41,1108,7819780,558396,3510576,1077952832,13837,341,0,0,10,34,25959285,216492
167,123811,120,11,113468064,67411108,45516284,41,1108,7819780,564244,3507180,1077952832,13919,342,0,0,10,34,25959285,214628
168,124555,113,10.9,113468064,67411108,45516284,41,1108,7819780,540604,3492792,1077952832,14006,342,0,0,10,34,25959285,216636
169,125314,116,11.1,113468064,67411108,45516284,41,1108,7819780,544276,3496464,1077952832,14086,345,0,0,10,34,25959285,213444
170,125997,117,10.9,113468064,67411108,45516284,41,1108,7819780,532672,3484860,1077952832,14169,346,0,0,10,34,25959285,216059
171,126776,116,11,113468064,67411108,45516284,41,1108,7819780,534936,3487124,1077952832,14253,350,0,0,10,34,25959285,214106
172,127529,110,11,113468064,67411108,45516284,41,1108,7819780,520880,3473068,1077952832,14341,351,0,0,10,34,25959285,216493
173,128307,103,10.7,113468064,67411108,45516284,41,1108,7819780,523404,3475592,1077952832,14432,354,0,0,10,34,25959285,213898
174,129071,106,10.9,113468064,67411108,45516284,41,1108,7819780,508568,3451504,1077952832,14512,354,0,0,10,34,25959285,210276
175,129825,113,10.8,113468064,67411108,45516284,41,1108,7819780,510584,3462772,1077952832,14598,354,0,0,10,34,25959285,213523
176,130569,113,10.9,113468064,67411108,45516284,41,1108,7819780,516728,3459664,1077952832,14686,356,0,0,10,34,25959285,220900
177,131326,106,11.3,113468064,67411108,45516284,41,1108,7819780,493916,3446104,1077952832,14773,356,0,0,10,34,25959285,223705
178,132083,117,11.4,113468064,67411108,45516284,41,1108,7819780,503760,3455948,1077952832,14855,359,0,0,10,34,25959285,219985
179,132839,106,11.3,113468064,67411108,45516284,41,1108,7819780,486052,3438240,1077952832,14941,360,0,0,10,34,25959285,222704
180,133602,120,11.4,113468064,67411108,45516284,41,1108,7819780,491300,3436572,1077952832,15024,365,0,0,10,34,25959285,220919
181,134354,110,11.2,113468064,67411108,45516284,41,1108,7819780,469744,3421932,1077952832,15105,365,0,0,10,34,25959285,223595
182,135098,106,11.1,113468064,67411108,45516284,41,1108,7819780,475792,3427980,1077952832,15190,369,0,0,10,34,25959285,220101
183,135855,106,11.3,113468064,67411108,45516284,41,1108,7819780,460052,3402992,1077952832,15275,373,0,0,10,34,25959285,217177
184,136629,106,11.1,113468064,67411108,45516284,41,1108,7819780,461064,3413256,1077952832,15359,376,0,0,10,34,25959285,232453
185,137373,106,11.9,113468064,67411108,45516284,41,1108,7819780,461188,3413380,1077952832,15438,379,0,0,10,34,25959285,229530
186,138087,110,11.8,113468064,67411108,45516284,41,1108,7819780,449824,3402016,4211008,15520,383,0,0,10,34,25959285,232682
187,138859,120,11.9,113468064,67411108,45516284,41,1108,7819780,453780,3405988,1077952832,15611,387,0,0,10,34,25959285,230109
188,139646,103,11.8,113468064,67411108,45516284,41,1108,7819780,430668,3382860,1077952832,15691,389,0,0,10,34,25959285,232545
189,140374,124,12.5,113468064,67411108,45516284,41,1108,7819780,434864,3377804,1077952832,15779,390,0,0,10,34,25959285,241457
190,141118,120,12.3,113468064,67411108,45516284,41,1108,7819780,417400,3369592,1077952832,15863,391,0,0,10,34,25959285,244032
191,141854,110,12.2,113468064,67411108,45516284,41,1108,7819780,419780,3362720,1077952832,15950,393,0,0,10,34,25959285,241355
192,142624,100,12.3,113468064,67411108,45516284,41,1108,7819780,403628,3355828,1077952832,16038,394,0,0,10,34,25959285,236916
193,143345,103,12.7,113468064,67411108,45516284,41,1108,7819780,408084,3360284,1077952832,16120,395,0,0,10,34,25959285,250956
194,144103,113,12.8,113468064,67411108,45516284,41,1108,7819780,393236,3345436,4211008,16203,398,0,0,10,34,25959285,247950
195,144856,106,12.7,113468064,67411108,45516284,41,1108,7819780,398656,3341604,1077952832,16289,398,0,0,10,34,25959285,251142
196,145599,113,12.8,113468064,67411108,45516284,41,1108,7819780,379992,3332192,1077952832,16375,400,0,0,10,34,25959285,245874
197,146358,131,12.6,113468064,67411108,45516284,41,1108,7819780,388428,3331376,1077952832,16459,401,0,0,10,34,25959285,250026
198,147061,106,12.8,113468064,67411108,45516284,41,1108,7819780,375508,3318456,1077952832,16534,405,0,0,10,34,25959285,246307
199,147806,110,12.6,113468064,67411108,45516284,41,1108,7819780,374984,3327184,1077952832,16621,406,0,0,10,34,25959285,249434
200,148560,113,12.7,113468064,67411108,45516284,41,1108,7819780,379028,3321980,1077952832,16702,408,0,0,10,34,25959285,248020
201,149286,117,12.7,113468064,67411108,45516284,41,1108,7819780,363988,3306940,1077952832,16787,409,0,0,10,34,25959285,261307
202,150015,127,13.3,113468064,67411108,45516284,41,1108,7819780,373744,3325948,1077952832,16874,412,0,0,10,34,25959285,258003
203,150776,120,13.2,113468064,67411108,45516284,41,1108,7819780,349892,3302096,1077952832,16957,414,0,0,10,34,25959285,259629
204,151524,116,13.3,113468064,67411108,45516284,41,1108,7819780,361264,3313468,1077952832,17037,419,0,0,10,33,25959285,256924
205,152229,110,13.1,113468064,67411108,45516284,41,1108,7819780,338640,3290844,4211008,17118,421,0,0,10,34,25959285,259228
206,152973,116,13.2,113468064,67411108,45516284,41,1108,7819780,343948,3296152,1077952832,17205,423,0,0,10,34,25959285,255965
207,153741,113,13.1,113468064,67411108,45516284,41,1108,7819780,327416,3279620,1077952832,17286,424,0,0,10,34,25959285,258374
208,154488,117,13.3,113468064,67411108,45516284,41,1108,7819780,331284,3283488,1077952832,17367,428,0,0,10,34,25959285,255588
209,155217,116,13.1,113468064,67411108,45516284,41,1108,7819780,315464,3258416,1077952832,17450,428,0,0,10,34,25959285,259426
210,155951,120,12.9,113468064,67411108,45516284,41,1108,7819780,323256,3265576,1077952832,17533,429,0,0,10,34,25959285,255643
211,156703,110,13.1,113468064,67411108,45516284,41,1108,7819780,311228,3259240,1077952832,17622,429,0,0,10,34,25959285,271013
212,157458,120,13.6,113468064,67411108,45516284,41,1108,7819780,312068,3252532,1077952832,17705,432,0,0,10,34,25959285,268157
213,158214,110,13.7,113468064,67411108,45516284,41,1108,7819780,300912,3249448,1077952832,17792,436,0,0,10,34,25959285,265232
214,158984,113,13.6,113468064,67411108,45516284,41,1108,7819780,301148,3248500,1077952832,17878,437,0,0,10,34,25959285,268912
215,159749,116,13.7,113468064,67411108,45516284,41,1108,7819780,311740,3246672,1077952832,17969,438,0,0,10,34,25959285,267343
216,160510,113,13.6,113468064,67411108,45516284,41,1108,7819780,286296,3229280,1077952832,18049,439,0,0,10,34,25959285,269558
217,161252,113,13.8,113468064,67411108,45516284,41,1108,7819780,305312,3247144,4211008,18136,440,0,0,10,34,25959285,266127
218,162015,110,13.7,113468064,67411108,45516284,41,1108,7819780,285012,3217656,1077952832,18220,441,0,0,10,34,25959285,281224
219,162757,112,14.3,113468064,67411108,45516284,41,1108,7819780,290284,3230948,1077952832,18310,444,0,0,10,34,25959285,277096
220,163545,117,14.2,113468064,67411108,45516284,41,1108,7819780,270064,3201476,1077952832,18389,446,0,0,10,34,25959285,280707
221,164267,110,14,113468064,67411108,45516284,41,1108,7819780,279768,3218008,1077952832,18478,448,0,0,10,34,25959285,276944
222,165006,106,14.1,113468064,67411108,45516284,41,1108,7819780,267324,3203604,1077952832,18560,450,0,0,10,34,25959285,279352
223,165773,117,14,113468064,67411108,45516284,41,1108,7819780,272936,3199576,1077952832,18650,451,0,0,10,34,25959285,276386
224,166534,106,14.1,113468064,67411108,45516284,41,1108,7819780,280132,3213428,1077952832,18731,453,0,0,10,34,25959285,272427
225,167281,117,14.4,113468064,67411108,45516284,41,1108,7819780,259888,3193892,1077952832,18816,454,0,0,10,34,25959285,286031
226,168021,123,14.6,113468064,67411108,45516284,41,1108,7819780,270096,3201528,1077952832,18908,456,0,0,10,34,25959285,282536
227,168791,106,14.5,113468064,67411108,45516284,41,1108,7819780,248672,3178632,1077952832,18995,456,0,0,10,34,25959285,285407
228,169561,106,14.3,113468064,67411108,45516284,41,1108,7819780,254936,3174788,1077952832,19079,460,0,0,10,34,25959285,282697
229,170349,113,14.8,113468064,67411108,45516284,41,1108,7819780,241428,3169132,1077952832,19158,463,0,0,10,34,25959285,292717
230,171076,131,15,113468064,67411108,45516284,41,1108,7819780,254828,3179188,1077952832,19246,467,0,0,10,34,25959285,291965
231,171808,117,14.9,113468064,67411108,45516284,41,1108,7819780,233688,3151260,1077952832,19324,469,0,0,10,34,25959285,295559
232,172532,130,15.1,113468064,67411108,45516284,41,1108,7819780,250244,3170444,1077952832,19417,471,0,0,10,34,25959285,291523
233,173313,113,14.9,113468064,67411108,45516284,41,1108,7819780,229880,3143164,1077952832,19500,471,0,0,10,34,25959285,295262
234,174035,126,15.1,113468064,67411108,45516284,41,1108,7819780,232016,3149640,1077952832,19588,472,0,0,10,34,25959285,292225
235,174778,113,14.9,113468064,67411108,45516284,41,1108,7819780,219352,3135572,1077952832,19669,475,0,0,10,34,25959285,294412
236,175520,113,15,113468064,67411108,45516284,41,1108,7819780,230344,3135504,1077952832,19758,477,0,0,10,34,25959285,296902
237,176270,113,15.2,113468064,67411108,45516284,41,1108,7819780,211420,3123584,1077952832,19838,481,0,0,10,34,25959285,299316
238,177039,113,14.9,113468064,67411108,45516284,41,1108,7819780,229920,3138512,1077952832,19922,488,0,0,10,34,25959285,296240
239,177812,124,15.1,113468064,67411108,45516284,41,1108,7819780,213124,3120568,1077952832,20011,491,0,0,10,34,25959285,291875
240,178586,117,15,113468064,67411108,45516284,41,1108,7819780,215304,3119332,1077952832,20095,492,0,0,10,34,25959285,302082
241,179325,110,15.4,113468064,67411108,45516284,41,1108,7819780,206948,3100404,1077952832,20184,493,0,0,10,34,25959285,298215
242,180095,113,15.3,113468064,67411108,45516284,41,1108,7819780,213980,3114220,1077952832,20266,496,0,0,10,34,25959285,301143
243,180856,124,15.4,113468064,67411108,45516284,41,1108,7819780,223732,3113076,1077952832,20353,498,0,0,10,34,25959285,298192
244,181618,110,15.3,113468064,67411108,45516284,41,1108,7819780,200932,3099488,1077952832,20440,499,0,0,10,33,25959285,300846
245,182398,119,15.4,113468064,67411108,45516284,41,1108,7819780,209352,3104488,1077952832,20535,499,0,0,10,34,25959285,298408
246,183180,106,15.3,113468064,67411108,45516284,41,1108,7819780,197388,3082212,1077952832,20621,500,0,0,10,34,25959285,295950
247,183951,113,15.1,113468064,67411108,45516284,41,1108,7819780,200072,3086024,1077952832,20706,504,0,0,10,34,25959285,307499
248,184721,114,15.7,113468064,67411108,45516284,41,1108,7819780,186292,3076928,1077952832,20789,505,0,0,10,34,25959285,309906
249,185470,121,15.8,113468064,67411108,45516284,41,1108,7819780,199632,3078100,1077952832,20870,511,0,0,10,34,25959285,306202
250,186163,120,15.6,113468064,67411108,45516284,41,1108,7819780,182340,3060504,1077952832,20950,512,0,0,10,34,25959285,308596
251,186924,110,15.4,113468064,67411108,45516284,41,1108,7819780,189344,3073808,1077952832,21037,515,0,0,10,34,25959285,304997
252,187670,106,15.6,113468064,67411108,45516284,41,1108,7819780,173672,3056444,1077952832,21118,516,0,0,10,34,25959285,315548
253,188415,117,15.8,113468064,67411108,45516284,41,1108,7819780,179744,3052112,1077952832,21200,517,0,0,10,34,25959285,313480
254,189163,106,16.6,113468064,67411108,45516284,41,1108,7819780,172140,3051304,1077952832,21293,518,0,0,10,34,25959285,326006
255,189940,113,17.8,113468064,67411108,45516284,41,1108,7819780,173436,3050896,1077952832,21376,520,0,0,10,34,25959285,351364
256,190695,113,17.9,113468064,67411108,45516284,41,1108,7819780,189580,3064104,1077952832,21460,523,0,0,10,34,25959285,347905
257,191431,106,17.8,113468064,67411108,45516284,41,1108,7819780,167156,3032120,1077952832,21537,526,0,0,10,34,25959285,350692
258,192111,120,18.1,113468064,67411108,45516284,41,1108,7819780,179024,3049100,4211008,21620,528,0,0,10,34,25959285,351749
259,192876,113,18.1,113468064,67411108,45516284,41,1108,7819780,159020,3018436,1077952832,21703,532,0,0,10,34,25959285,357004
260,193639,125,18.3,113468064,67411108,45516284,41,1108,7819780,166576,3032172,1077952832,21793,536,0,0,10,34,25959285,353833
261,194424,106,18.1,113468064,67411108,45516284,41,1108,7819780,153140,3008392,1077952832,21868,541,0,0,10,34,25959285,357054
262,195162,110,17.9,113468064,67411108,45516284,41,1108,7819780,163836,3025432,1077952832,21959,542,0,0,10,34,25959285,354139
263,195904,141,18,113468064,67411108,45516284,41,1108,7819780,148116,3008308,1077952832,22074,544,0,0,10,34,25959285,352005
264,196663,161,18,113468064,67411108,45516284,41,1108,7819780,159308,3009380,1077952832,22211,545,0,0,10,34,25959285,358763
265,197455,163,18.4,113468064,67411108,45516284,41,1108,7819780,143360,3000584,1077952832,22332,547,0,0,10,34,25959285,361098
266,198231,162,18.4,113468064,67411108,45516284,41,1108,7819780,179820,3032012,1077952832,22451,552,0,0,10,34,25959285,349730
267,198980,158,17.9,113468064,67411108,45516284,41,1108,7819780,162160,3014352,1077952832,22575,553,0,0,10,34,25959285,355828
268,199745,175,18.2,113468064,67411108,45516284,41,1108,7819780,197236,3040176,1077952832,22698,558,0,0,10,34,25959285,344568
269,200506,163,17.6,113468064,67411108,45516284,41,1108,7819780,172884,3025076,1077952832,22822,561,0,0,10,34,25959285,345276
270,201259,144,17.6,113468064,67411108,45516284,41,1108,7819780,156016,3008208,1077952832,22936,563,0,0,10,34,25959285,343171
271,202008,156,17.5,113468064,67411108,45516284,41,1108,7819780,172368,3024788,1077952832,23059,565,0,0,10,34,25959285,344862
272,202805,175,17.6,113468064,67411108,45516284,41,1108,7819780,156100,2999040,1077952832,23182,566,0,0,10,34,25959285,352259
273,203567,151,17.5,113468064,67411108,45516284,41,1108,7819780,180860,3023800,1077952832,23303,570,0,0,10,34,25959285,342944
274,204325,153,17.5,113468064,67411108,45516284,41,1108,7819780,165164,3008104,1077952832,23425,573,0,0,10,34,25959285,349545
275,205095,162,17.4,113468064,67411108,45516284,41,1108,7819780,186664,3038856,1077952832,23548,577,0,0,10,34,25959285,342682
276,205852,146,17.4,113468064,67411108,45516284,41,1108,7819780,162388,3014580,1077952832,23665,579,0,0,10,34,25959285,349325
277,206609,153,17.8,113468064,67411108,45516284,41,1108,7819780,186408,3038600,1077952832,23791,584,0,0,10,34,25959285,345137
278,207387,144,17.6,113468064,67411108,45516284,41,1108,7819780,165168,3017360,1077952832,23904,586,0,0,10,34,25959285,345484
279,208112,161,17.6,113468064,67411108,45516284,41,1108,7819780,189936,3032876,1077952832,24019,593,0,0,10,34,25959285,338374
280,208847,155,17.3,113468064,67411108,45516284,41,1108,7819780,172208,3015152,1077952832,24138,594,0,0,10,34,25959285,343981
281,209599,168,17.5,113468064,67411108,45516284,41,1108,7819780,192412,3044612,1077952832,24262,598,0,0,10,34,25959285,338392
282,210350,146,17.3,113468064,67411108,45516284,41,1108,7819780,173552,3016500,1077952832,24380,601,0,0,10,34,25959285,340293
283,211105,168,17.3,113468064,67411108,45516284,41,1108,7819780,195336,3038284,1077952832,24505,606,0,0,10,34,25959285,330400
284,211870,155,17.3,113468064,67411108,45516284,41,1108,7819780,176700,3028900,1077952832,24629,608,0,0,10,34,25959285,349915
285,212647,146,17.9,113468064,67411108,45516284,41,1108,7819780,199160,3042108,1077952832,24742,613,0,0,10,34,25959285,350683
286,213405,150,17.9,113468064,67411108,45516284,41,1108,7819780,181596,3033796,1077952832,24858,616,0,0,10,34,25959285,350758
287,214120,132,18.2,113468064,67411108,45516284,41,1108,7819780,166412,3018612,1077952832,24976,622,0,0,10,34,25959285,351282
288,214894,162,17.9,113468064,67411108,45516284,41,1108,7819780,210396,3062724,1077952832,25098,624,0,0,10,34,25959285,352185
289,215662,145,18,113468064,67411108,45516284,41,1108,7819780,188604,3040940,1077952832,25216,629,0,0,10,34,25959285,342654
290,216464,161,17.5,113468064,67411108,45516284,41,1108,7819780,208288,3051372,1077952832,25345,632,0,0,10,34,25959285,350257
291,217237,172,17.8,113468064,67411108,45516284,41,1108,7819780,186140,3031724,1077952832,25470,636,0,0,10,34,25959285,346080
292,217984,158,17.7,113468064,67411108,45516284,41,1108,7819780,209524,3052608,1077952832,25586,636,0,0,10,34,25959285,346288
293,218700,168,17.7,113468064,67411108,45516284,41,1108,7819780,196056,3039908,1077952832,25705,638,0,0,10,34,25959285,347916
294,219429,179,17.7,113468064,67411108,45516284,41,1108,7819780,226164,3069248,1077952832,25828,642,0,0,10,34,25959285,342293
295,220152,158,17.4,113468064,67411108,45516284,41,1108,7819780,202096,3054432,1077952832,25941,646,0,0,10,34,25959285,334631
296,220926,156,17.1,113468064,67411108,45516284,41,1108,7819780,215492,3058576,1077952832,26059,651,0,0,10,34,25959285,336966
297,221666,150,17.1,113468064,67411108,45516284,41,1108,7819780,198456,3041540,1077952832,26172,654,0,0,10,34,25959285,336605
298,222416,140,17.1,113468064,67411108,45516284,41,1108,7819780,218552,3070888,1077952832,26292,657,0,0,10,34,25959285,336306
299,223177,138,17.2,113468064,67411108,45516284,41,1108,7819780,202352,3045436,1077952832,26408,658,0,0,10,34,25959285,336912
300,223909,160,17,113468064,67411108,45516284,41,1108,7819780,222800,3065884,1077952832,26532,660,0,0,10,34,25959285,337188
301,224670,156,17.3,113468064,67411108,45516284,41,1108,7819780,205228,3057568,1077952832,26661,661,0,0,10,34,25959285,339119
302,225449,160,17.5,113468064,67411108,45516284,41,1108,7819780,232624,3075712,1077952832,26785,667,0,0,10,34,25959285,336178
303,226212,143,17.1,113468064,67411108,45516284,41,1108,7819780,211392,3063732,1077952832,26910,671,0,0,10,34,25959285,339670
304,226995,165,17.3,113468064,67411108,45516284,41,1108,7819780,235792,3081216,1077952832,27036,675,0,0,10,34,25959285,332954
305,227738,163,16.9,113468064,67411108,45516284,41,1108,7819780,221248,3073588,1077952832,27155,676,0,0,10,34,25959285,333243
306,228508,140,17,113468064,67411108,45516284,41,1108,7819780,203460,3055800,1077952832,27268,679,0,0,10,34,25959285,337810
307,229269,168,16.6,113468064,67411108,45516284,41,1108,7819780,227820,3070908,1077952832,27392,681,0,0,10,34,25959285,327284
308,230036,150,16.7,113468064,67411108,45516284,41,1108,7819780,209960,3062300,1077952832,27512,684,0,0,10,34,25959285,322672
309,230803,163,16.6,113468064,67411108,45516284,41,1108,7819780,229784,3082124,4211008,27634,689,0,0,10,34,25959285,325092
310,231574,148,16.5,113468064,67411108,45516284,41,1108,7819780,217196,3061052,1077952832,27762,693,0,0,10,34,25959285,329957
311,232361,150,16.6,113468064,67411108,45516284,41,1108,7819780,234592,3086932,1077952832,27883,695,0,0,10,34,25959285,334377
312,233102,165,17.1,113468064,67411108,45516284,41,1108,7819780,247708,3090796,1077952832,28004,701,0,0,10,34,25959285,328288
313,233859,170,17.1,113468064,67411108,45516284,41,1108,7819780,225276,3077616,1077952832,28128,702,0,0,10,34,25959285,335928
314,234623,177,17.1,113468064,67411108,45516284,41,1108,7819780,210916,3063256,1077952832,28256,707,0,0,10,34,25959285,329379
315,235395,182,17,113468064,67411108,45516284,41,1108,7819780,237336,3089676,1077952832,28374,715,0,0,10,34,25959285,335992
316,236136,153,17.2,113468064,67411108,45516284,41,1108,7819780,219684,3062772,1077952832,28495,719,0,0,10,34,25959285,337162
317,236904,151,16.5,113468064,67411108,45516284,41,1108,7819780,248268,3091356,1077952832,28635,724,0,0,10,34,25959285,326489
318,237713,154,16.6,113468064,67411108,45516284,41,1108,7819780,228720,3081060,1077952832,28753,727,0,0,10,34,25959285,336188
319,238496,155,17.1,113468064,67411108,45516284,41,1108,7819780,252532,3104880,1077952832,28865,732,0,0,10,34,25959285,326137
320,239220,138,16.7,113468064,67411108,45516284,41,1108,7819780,232964,3076060,1077952832,28983,735,0,0,10,34,25959285,320750
321,239969,156,16.4,113468064,67411108,45516284,41,1108,7819780,247332,3099680,1077952832,29105,737,0,0,10,34,25959285,322416
322,240745,148,16.5,113468064,67411108,45516284,41,1108,7819780,228556,3071652,1077952832,29228,742,0,0,10,34,25959285,329115
323,241511,162,16.8,113468064,67411108,45516284,41,1108,7819780,254620,3106748,1077952832,29350,747,0,0,10,34,25959285,321659
324,242261,141,16.4,113468064,67411108,45516284,41,1108,7819780,235216,3087564,4211008,29471,749,0,0,10,34,25959285,322772
325,243019,151,16.5,113468064,67411108,45516284,41,1108,7819780,220608,3064456,1077952832,29601,752,0,0,10,34,25959285,319273
326,243801,151,16.3,113468064,67411108,45516284,41,1108,7819780,248644,3091804,1077952832,29718,755,0,0,10,34,25959285,321475
327,244554,148,16.4,113468064,67411108,45516284,41,1108,7819780,227728,3080140,1077952832,29837,757,0,0,10,34,25959285,311727
328,245316,146,15.9,113468064,67411108,45516284,41,1108,7819780,249948,3102488,1077952832,29953,758,0,0,10,34,25959285,311956
329,246059,153,15.9,113468064,67411108,45516284,41,1108,7819780,233564,3086104,1077952832,30068,761,0,0,10,34,25959285,312556
330,246822,141,15.4,113468064,67411108,45516284,41,1108,7819780,260296,3103776,1077952832,30193,766,0,0,10,34,25959285,316305
331,247596,141,16.1,113468064,67411108,45516284,41,1108,7819780,239280,3092016,1077952832,30321,770,0,0,10,34,25959285,316698
332,248374,176,16.1,113468064,67411108,45516284,41,1108,7819780,270252,3122992,1077952832,30440,772,0,0,10,34,25959285,312808
333,249129,156,15.9,113468064,67411108,45516284,41,1108,7819780,252816,3105556,1077952832,30555,773,0,0,10,34,25959285,313064
334,249854,150,16,113468064,67411108,45516284,41,1108,7819780,235864,3088604,1077952832,30681,779,0,0,10,34,25959285,303309
335,250633,158,15.7,113468064,67411108,45516284,41,1108,7819780,257720,3110460,1077952832,30811,781,0,0,10,34,25959285,312963
336,251394,137,16,113468064,67411108,45516284,41,1108,7819780,242800,3095540,4211008,30922,781,0,0,10,34,25959285,332606
337,252095,172,17,113468064,67411108,45516284,41,1108,7819780,268488,3121292,1077952832,31033,785,0,0,10,34,25959285,336168
338,252836,141,17.2,113468064,67411108,45516284,41,1108,7819780,249200,3102004,1077952832,31144,786,0,0,10,34,25959285,344971
339,253596,160,17.6,113468064,67411108,45516284,41,1108,7819780,273008,3123604,1077952832,31274,790,0,0,10,34,25959285,335577
340,254413,155,17.1,113468064,67411108,45516284,41,1108,7819780,253944,3106876,1077952832,31393,791,0,0,10,34,25959285,335291
341,255137,160,17.2,113468064,67410824,45516568,41,1108,7819780,212608,3065468,1077952832,31509,797,0,0,10,34,25959285,333526
342,255849,140,17,113468064,67410616,45516776,41,1108,7819780,198876,3045836,1077952832,31613,799,0,0,10,34,25959285,335651
343,256552,168,17.1,113468064,67410424,45516968,41,1108,7819780,186696,3033240,1077952832,31719,802,0,0,10,34,25959285,328515
344,257210,178,16.8,113468064,67410500,45516892,41,1108,7819780,193560,3040464,1077952832,31830,804,0,0,10,34,25959285,329753
345,257911,158,16.9,113468064,67410424,45516968,41,1108,7819780,170696,3026756,1077952832,31934,808,0,0,10,34,25959285,331514
346,258611,158,16.4,113468064,67410424,45516968,41,1108,7819780,190164,3037036,1077952832,32060,810,0,0,10,34,25959285,327963
347,259388,156,16.7,113468064,67410420,45516972,41,1108,7819780,172592,3019464,1077952832,32186,810,0,0,10,34,25959285,336593
348,260139,163,17.2,113468064,67410420,45516972,41,1108,7819780,202936,3059128,1077952832,32306,813,0,0,10,34,25959285,326707
349,260904,138,16.7,113468064,67410420,45516972,41,1108,7819780,185176,3032116,1077952832,32428,813,0,0,10,34,25959285,327491
350,261689,158,17,113468064,67410420,45516972,41,1108,7819780,209008,3065200,1077952832,32557,816,0,0,10,34,25959285,326375
351,262488,138,16.6,113468064,67410420,45516972,41,1108,7819780,192916,3049108,1077952832,32677,820,0,0,10,34,25959285,327578
352,263244,163,16.7,113468064,67410420,45516972,41,1108,7819780,209500,3066024,1077952832,32808,824,0,0,10,34,25959285,319431
353,264030,148,16.3,113468064,67410420,45516972,41,1108,7819780,193000,3040272,1077952832,32921,824,0,0,10,34,25959285,324716
354,264763,172,16.8,113468064,67410420,45516972,41,1108,7819780,211880,3059984,1077952832,33042,826,0,0,10,34,25959285,319619
355,265515,182,16.3,113468064,67410420,45516972,41,1108,7819780,193776,3051132,1077952832,33156,832,0,0,10,34,25959285,321563
356,266241,143,16.4,113468064,67410420,45516972,41,1108,7819780,178684,3036040,1077952832,33279,837,0,0,10,34,25959285,311748
357,267013,175,15.9,113468064,67410420,45516972,41,1108,7819780,205040,3053204,1077952832,33401,840,0,0,10,34,25959285,318205
358,267764,180,16.2,113468064,67410420,45516972,41,1108,7819780,187696,3045112,1077952832,33522,841,0,0,10,34,25959285,324160
359,268525,179,16.5,113468064,67410420,45516972,41,1108,7819780,216972,3073816,1077952832,33648,844,0,0,10,34,25959285,316769
360,269291,168,16.2,113468064,67410420,45516972,41,1108,7819780,199384,3047072,1077952832,33765,847,0,0,10,34,25959285,318099
361,270016,179,16.2,113468064,67410420,45516972,41,1108,7819780,226104,3082836,1077952832,33892,851,0,0,10,34,25959285,306144
362,270791,162,15.9,113468064,67410420,45516972,41,1108,7819780,206144,3062876,1077952832,34011,852,0,0,10,34,25959285,311442
363,271548,141,15.9,113468064,67410420,45516972,41,1108,7819780,193564,3040812,1077952832,34146,856,0,0,10,34,25959285,320830
364,272334,146,16.4,113468064,67410420,45516972,41,1108,7819780,224092,3079688,1077952832,34268,859,0,0,10,34,25959285,331332
365,273096,155,16.9,113468064,67410420,45516972,41,1108,7819780,207808,3063404,1077952832,34374,861,0,0,10,34,25959285,331382
366,273809,141,17.3,113468064,67410420,45516972,41,1108,7819780,229304,3076452,1077952832,34484,866,0,0,10,34,25959285,328668
367,274574,153,16.7,113468064,67410420,45516972,41,1108,7819780,210508,3057108,1077952832,34607,869,0,0,10,34,25959285,329186
368,275324,156,16.8,113468064,67410420,45516972,41,1108,7819780,199216,3045420,1077952832,34734,873,0,0,10,34,25959285,326895
369,276067,162,16.6,113468064,67410420,45516972,41,1108,7819780,228684,3075600,1077952832,34851,875,0,0,10,34,25959285,327417
370,276800,144,16.7,113468064,67410420,45516972,41,1108,7819780,205428,3060828,1077952832,34975,878,0,0,10,34,25959285,328173
371,277592,166,16.1,113468064,67410420,45516972,41,1108,7819780,237732,3083496,1077952832,35104,882,0,0,10,34,25959285,317330
372,278379,179,16.2,113468064,67410420,45516972,41,1108,7819780,218308,3073324,1077952832,35225,884,0,0,10,34,25959285,327743
373,279155,179,16.7,113468064,67410420,45516972,41,1108,7819780,246544,3101692,1077952832,35342,892,0,0,10,34,25959285,318724
374,279896,151,16.2,113468064,67410420,45516972,41,1108,7819780,221928,3067824,1077952832,35458,894,0,0,10,34,25959285,327165
375,280632,146,16.7,113468064,67410420,45516972,41,1108,7819780,207744,3062892,1077952832,35579,895,0,0,10,34,25959285,316869
376,281397,168,16.2,113468064,67410420,45516972,41,1108,7819780,229496,3084772,1077952832,35703,898,0,0,10,34,25959285,318076
377,282154,143,16.2,113468064,67410420,45516972,41,1108,7819780,214148,3069424,1077952832,35815,902,0,0,10,34,25959285,318883
378,282920,151,15.7,113468064,67410420,45516972,41,1108,7819780,241568,3096844,1077952832,35942,908,0,0,10,34,25959285,317965
379,283696,156,16.2,113468064,67410420,45516972,41,1108,7819780,223044,3069072,1077952832,36069,910,0,0,10,34,25959285,318939
380,284479,165,16.2,113468064,67410420,45516972,41,1108,7819780,245204,3100484,1077952832,36194,913,0,0,10,34,25959285,308925
381,285239,140,15.7,113468064,67410420,45516972,41,1108,7819780,230720,3086000,1077952832,36321,914,0,0,10,34,25959285,308958
382,286031,175,15.8,113468064,67410420,45516972,41,1108,7819780,214892,3070172,1077952832,36453,915,0,0,10,34,25959285,309885
383,286794,165,15.8,113468064,67410460,45516932,41,1108,7819780,242124,3088112,1077952832,36572,920,0,0,10,34,25959285,310936
384,287540,151,15.8,113468064,67410460,45516932,41,1108,7819780,227664,3073652,1077952832,36679,920,0,0,10,34,25959285,311173
385,288231,175,15.8,113468064,67410460,45516932,41,1108,7819780,259616,3114856,1077952832,36805,922,0,0,10,34,25959285,308409
386,288977,165,15.7,113468064,67410460,45516932,41,1108,7819780,240520,3095760,1077952832,36930,923,0,0,10,34,25959285,308696
387,289741,148,15.7,113468064,67410460,45516932,41,1108,7819780,224268,3079508,1077952832,37044,926,0,0,10,34,25959285,298313
388,290487,160,15.2,113468064,67410460,45516932,41,1108,7819780,252860,3108100,1077952832,37166,929,0,0,10,34,25959285,299030
389,291246,151,15.3,113468064,67410460,45516932,41,1108,7819780,236276,3091516,1077952832,37286,931,0,0,10,34,25959285,332023
390,292007,182,16.9,113468064,67410460,45516932,41,1108,7819780,263588,3118836,1077952832,37406,934,0,0,10,34,25959285,322082
391,292739,156,16.4,113468064,67410460,45516932,41,1108,7819780,248720,3103968,1077952832,37525,934,0,0,10,34,25959285,322252
392,293512,162,16.6,113468064,67410456,45516936,41,1108,7819780,228112,3083364,1077952832,37635,944,0,0,10,34,25959285,318893
393,294258,148,16.3,113468064,67410456,45516936,41,1108,7819780,264420,3119672,1077952832,37754,947,0,0,10,34,25959285,319761
394,295022,163,16.4,113468064,67410456,45516936,41,1108,7819780,243648,3089648,1077952832,37879,949,0,0,10,34,25959285,324739
395,295786,155,16.5,113468064,67410456,45516936,41,1108,7819780,226048,3072048,1077952832,37988,956,0,0,10,34,25959285,316783
396,296541,164,16.1,113468064,67410456,45516936,41,1108,7819780,264340,3110340,1077952832,38119,958,0,0,10,34,25959285,317468
397,297291,182,16.3,113468064,67410456,45516936,41,1108,7819780,247212,3093212,1077952832,38240,963,0,0,10,34,25959285,323527
398,298037,186,16.5,113468064,67410456,45516936,41,1108,7819780,281908,3137160,1077952832,38364,967,0,0,10,34,25959285,310624
399,298835,180,15.8,113468064,67410456,45516936,41,1108,7819780,264192,3119444,1077952832,38493,970,0,0,10,34,25959285,314544
400,299624,156,16.2,113468064,67410456,45516936,41,1108,7819780,244844,3100100,1077952832,38613,970,0,0,10,34,25959285,317525
401,300399,163,15.7,113468064,67410456,45516936,41,1108,7819780,281060,3136316,1077952832,38742,977,0,0,10,34,25959285,310992
402,301146,153,15.8,113468064,67410456,45516936,41,1108,7819780,263132,3118388,1077952832,38869,978,0,0,10,34,25959285,311404
403,301915,175,15.9,113468064,67410456,45516936,41,1108,7819780,295116,3141120,1077952832,38988,985,0,0,10,34,25959285,302440
404,302674,155,15.4,113468064,67410876,45516516,41,1108,7819780,276072,3121672,1077952832,39108,987,0,0,10,34,25959285,304017
405,303426,150,15.5,113468064,67410876,45516516,41,1108,7819780,264640,3110240,1077952832,39230,990,0,0,10,34,25959285,298907
406,304174,148,15.3,113468064,67410876,45516516,41,1108,7819780,283020,3128620,1077952832,39341,991,0,0,10,34,25959285,305644
407,304886,144,15.6,113468064,67410876,45516516,41,1108,7819780,267924,3115224,1077952832,39456,992,0,0,10,34,25959285,307050
408,305646,163,15.6,113468064,67410876,45516516,41,1108,7819780,257692,3103292,1077952832,39580,996,0,0,10,34,25959285,291557
409,306415,176,14.9,113468064,67410876,45516516,41,1108,7819780,289512,3144364,1077952832,39704,1001,0,0,10,34,25959285,303180
410,307194,168,15.5,113468064,67410876,45516516,41,1108,7819780,270792,3125644,1077952832,39822,1001,0,0,10,34,25959285,303489
411,307945,182,15.5,113468064,67410876,45516516,41,1108,7819780,302584,3157188,1077952832,39949,1004,0,0,10,34,25959285,293032
412,308714,176,14.9,113468064,67410876,45516516,41,1108,7819780,284996,3139856,1077952832,40069,1010,0,0,10,34,25959285,293309
413,309470,145,15,113468064,67410876,45516516,41,1108,7819780,266612,3112220,1077952832,40180,1012,0,0,10,34,25959285,299979
414,310214,176,15.6,113468064,67410876,45516516,41,1108,7819780,302244,3147852,1077952832,40302,1014,0,0,10,34,25959285,294106
415,310981,145,15,113468064,67410876,45516516,41,1108,7819780,280720,3135580,1077952832,40426,1017,0,0,10,34,25959285,306617
416,311776,168,16.3,113468064,67410876,45516516,41,1108,7819780,267732,3113976,1077952832,40554,1023,0,0,10,34,25959285,312145
417,312559,180,16,113468064,67410876,45516516,41,1108,7819780,295660,3142036,1077952832,40681,1027,0,0,10,34,25959285,313095
418,313334,148,16.1,113468064,67410876,45516516,41,1108,7819780,277804,3132664,1077952832,40794,1032,0,0,10,34,25959285,316417
419,314061,170,16.1,113468064,67410876,45516516,41,1108,7819780,305928,3160788,1077952832,40913,1036,0,0,10,34,25959285,309381
420,314842,155,15.8,113468064,67410876,45516516,41,1108,7819780,288188,3134024,1077952832,41035,1037,0,0,10,34,25959285,309883
421,315604,141,15.8,113468064,67410924,45516468,41,1108,7819780,302260,3147820,1077952832,41161,1038,0,0,10,34,25959285,314972
422,316378,156,15.3,113468064,67410924,45516468,41,1108,7819780,337796,3184124,1077952832,41292,1042,0,0,10,34,25959285,306690
423,317129,155,15.6,113468064,67410924,45516468,41,1108,7819780,323588,3169148,4211008,41411,1042,0,0,10,34,25959285,310063
424,317864,158,15.8,113468064,67410924,45516468,41,1108,7819780,303972,3149532,1077952832,41532,1044,0,0,10,34,25959285,298160
425,318597,158,15.4,113468064,67410924,45516468,41,1108,7819780,337204,3182764,1077952832,41650,1048,0,0,10,34,25959285,303236
426,319341,150,15.4,113468064,67410924,45516468,41,1108,7819780,319484,3174296,4211008,41764,1049,0,0,10,34,25959285,303168
427,320092,168,15.5,113468064,67410924,45516468,41,1108,7819780,347264,3192824,1077952832,41887,1054,0,0,10,34,25959285,292658
428,320851,141,14.9,113468064,67410924,45516468,41,1108,7819780,329316,3175652,1077952832,42009,1057,0,0,10,34,25959285,292596
429,321622,153,14.9,113468064,67410924,45516468,41,1108,7819780,313856,3166340,1077952832,42127,1058,0,0,10,34,25959285,302606
430,322380,165,14.8,113468064,67410924,45516468,41,1108,7819780,347660,3202480,1077952832,42255,1061,0,0,10,34,25959285,290849
431,323083,146,14.8,113468064,67410924,45516468,41,1108,7819780,335748,3181316,1077952832,42373,1062,0,0,10,34,25959285,300377
432,323838,146,15.3,113468064,67410924,45516468,41,1108,7819780,320324,3165892,1077952832,42488,1064,0,0,10,34,25959285,288116
433,324582,146,14.9,113468064,67410924,45516468,41,1108,7819780,350804,3205624,1077952832,42607,1066,0,0,10,34,25959285,292938
434,325373,146,15,113468064,67410924,45516468,41,1108,7819780,329436,3184260,1077952832,42728,1069,0,0,10,34,25959285,294119
435,326126,165,15,113468064,67410924,45516468,41,1108,7819780,364628,3219516,1077952832,42850,1077,0,0,10,34,25959285,287445
436,326882,155,14.6,113468064,67410924,45516468,41,1108,7819780,343980,3198872,1077952832,42958,1081,0,0,10,34,25959285,286612
437,327639,158,14.7,113468064,67410924,45516468,41,1108,7819780,331632,3186524,1077952832,43073,1085,0,0,10,34,25959285,275902
438,328379,162,14.1,113468064,67410924,45516468,41,1108,7819780,357192,3212084,1077952832,43182,1087,0,0,10,34,25959285,284956
439,329102,175,14.5,113468064,67410924,45516468,41,1108,7819780,342236,3187876,1077952832,43309,1089,0,0,10,34,25959285,292366
440,329864,179,14.9,113468064,67410924,45516468,41,1108,7819780,369012,3214652,1077952832,43428,1094,0,0,10,34,25959285,279529
441,330594,155,14.3,113468064,67410924,45516468,41,1108,7819780,353480,3199124,1077952832,43546,1095,0,0,10,34,25959285,281310
442,331335,158,14.3,113468064,67410924,45516468,41,1108,7819780,337080,3182724,1077952832,43667,1101,0,0,10,34,25959285,283594
443,332068,166,14.8,113468064,67410924,45516468,41,1108,7819780,366384,3212028,1077952832,43783,1107,0,0,10,34,25959285,290833
444,332837,144,14.8,113468064,67410924,45516468,41,1108,7819780,351696,3197340,1077952832,43890,1111,0,0,10,34,25959285,289445
445,333589,158,14.8,113468064,67410924,45516468,41,1108,7819780,333980,3186372,1077952832,44027,1115,0,0,10,34,25959285,281884
446,334375,182,14.4,113468064,67410924,45516468,41,1108,7819780,367048,3212948,1077952832,44156,1116,0,0,10,34,25959285,286973
447,335131,145,14.8,113468064,67410924,45516468,41,1108,7819780,350536,3205432,1077952832,44277,1117,0,0,10,34,25959285,290245
448,335868,173,14.8,113468064,67410924,45516468,41,1108,7819780,382884,3237144,1077952832,44395,1121,0,0,10,34,25959285,278184
449,336641,185,14.2,113468064,67410924,45516468,41,1108,7819780,364536,3219432,1077952832,44509,1124,0,0,10,34,25959285,283597
450,337402,165,14.5,113468064,67410924,45516468,41,1108,7819780,392272,3237920,1077952832,44629,1128,0,0,10,34,25959285,275823
451,338139,161,14,113468064,67410924,45516468,41,1108,7819780,371604,3218024,1077952832,44748,1133,0,0,10,34,25959285,282967
452,338885,156,14.4,113468064,67410924,45516468,41,1108,7819780,355180,3202252,1077952832,44873,1135,0,0,10,34,25959285,283442
453,339644,146,14.4,113468064,67410924,45516468,41,1108,7819780,339496,3194628,1077952832,45003,1137,0,0,10,34,25959285,269500
454,340418,141,13.7,113468064,67410924,45516468,41,1108,7819780,375672,3221616,1077952832,45117,1141,0,0,10,34,25959285,270315
455,341176,151,14.2,113468064,67410924,45516468,41,1108,7819780,360200,3215148,1077952832,45246,1146,0,0,10,34,25959285,284036
456,341978,163,14.5,113468064,67410924,45516468,41,1108,7819780,388116,3243312,1077952832,45351,1147,0,0,10,34,25959285,271435
457,342585,156,13.8,113468064,67410924,45516468,41,1108,7819780,377296,3232492,1077952832,45459,1149,0,0,10,34,25959285,272279
458,343335,145,14.1,113468064,67410924,45516468,41,1108,7819780,362784,3208728,1077952832,45592,1150,0,0,10,34,25959285,277315
459,344114,186,14.4,113468064,67410924,45516468,41,1108,7819780,404064,3250008,1077952832,45703,1154,0,0,10,34,25959285,266505
460,344838,140,13.7,113468064,67410924,45516468,41,1108,7819780,385636,3240832,1077952832,45820,1157,0,0,10,34,25959285,268429
461,345605,146,13.7,113468064,67410956,45516436,41,1108,7819780,365896,3211808,1077952832,45936,1160,0,0,10,34,25959285,269234
462,346332,200,13.7,113468064,67410956,45516436,41,1108,7819780,406280,3261700,1077952832,46066,1162,0,0,10,34,25959285,256437
463,347065,163,13.8,113468064,67410956,45516436,41,1108,7819780,387356,3242776,1077952832,46179,1167,0,0,10,34,25959285,270700
464,347798,153,13.8,113468064,67410956,45516436,41,1108,7819780,373684,3229104,1077952832,46301,1173,0,0,10,34,25959285,273017
465,348505,145,13.3,113468064,67410956,45516436,41,1108,7819780,401324,3247620,1077952832,46411,1177,0,0,10,34,25959285,262082
466,349263,182,13.3,113468064,67410956,45516436,41,1108,7819780,388060,3234356,1077952832,46530,1180,0,0,10,34,25959285,267141
467,350019,160,13.6,113468064,67410956,45516436,41,1108,7819780,368844,3224392,1077952832,46663,1186,0,0,10,34,25959285,254897
468,350794,163,13.4,113468064,67410956,45516436,41,1108,7819780,399008,3254556,1077952832,46792,1191,0,0,10,34,25959285,265527
469,351583,165,13.5,113468064,67410956,45516436,41,1108,7819780,382268,3237816,1077952832,46911,1196,0,0,10,34,25959285,277319
470,352286,189,14.1,113468064,67410956,45516436,41,1108,7819780,419756,3266508,1077952832,47029,1199,0,0,10,34,25959285,262205
471,353069,168,13.4,113468064,67410956,45516436,41,1108,7819780,402204,3258208,1077952832,47164,1200,0,0,10,34,25959285,267546
472,353838,175,13.9,113468064,67410956,45516436,41,1108,7819780,385384,3241388,1077952832,47282,1204,0,0,10,34,25959285,271684
473,354596,156,13.9,113468064,67410956,45516436,41,1108,7819780,420368,3276884,4211008,47404,1208,0,0,10,34,25959285,259181
474,355351,180,13.2,113468064,67410956,45516436,41,1108,7819780,404172,3251436,1077952832,47529,1210,0,0,10,34,25959285,268565
475,356116,160,13.7,113468064,67410956,45516436,41,1108,7819780,384444,3240960,1077952832,47649,1211,0,0,10,34,25959285,269101
476,356885,154,13.1,113468064,67410956,45516436,41,1108,7819780,420696,3267960,1077952832,47775,1214,0,0,10,34,25959285,256812
477,357682,145,13.1,113468064,67410956,45516436,41,1108,7819780,401128,3248392,1077952832,47893,1215,0,0,10,34,25959285,256402
478,358429,176,13.1,113468064,67410956,45516436,41,1108,7819780,437896,3285616,1077952832,48017,1220,0,0,10,34,25959285,258254
479,359197,172,13.2,113468064,67410956,45516436,41,1108,7819780,418092,3265812,1077952832,48119,1223,0,0,10,34,25959285,258268
480,359910,186,13.2,113468064,67410956,45516436,41,1108,7819780,404608,3262016,1077952832,48275,1227,0,0,10,34,25959285,253151
481,360663,228,13,113468064,67410956,45516436,41,1108,7819780,404928,3262376,1077952832,48479,1230,0,0,10,34,25959285,259995
482,361449,228,13.3,113468064,67410956,45516436,41,1108,7819780,427636,3285148,1077952832,48683,1237,0,0,10,34,25959285,255796
483,362247,234,13,113468064,67410956,45516436,41,1108,7819780,390992,3248568,1077952832,48891,1241,0,0,10,34,25959285,258712
484,363027,259,13.2,113468064,67410956,45516436,41,1108,7819780,401868,3259448,1077952832,49102,1249,0,0,10,34,25959285,252953
485,363827,253,13.1,113468064,67410956,45516436,41,1108,7819780,383740,3241320,1077952832,49310,1251,0,0,10,34,25959285,260631
486,364605,251,13.3,113468064,67410956,45516436,41,1108,7819780,399368,3247696,1077952832,49516,1259,0,0,10,34,25959285,252947
487,365368,231,13,113468064,67410956,45516436,41,1108,7819780,372028,3220356,1077952832,49724,1261,0,0,10,34,25959285,261303
488,366157,267,13.4,113468064,67410956,45516436,41,1108,7819780,386972,3235300,1077952832,49941,1266,0,0,10,34,25959285,260928
489,366944,253,13.3,113468064,67410956,45516436,41,1108,7819780,362304,3210632,1077952832,50150,1269,0,0,10,34,25959285,267150
490,367730,238,13.5,113468064,67410956,45516436,41,1108,7819780,382268,3230596,1077952832,50367,1276,0,0,10,34,25959285,256546
491,368538,253,13.2,113468064,67410956,45516436,41,1108,7819780,359624,3207952,4211008,50571,1278,0,0,10,34,25959285,266764
492,369279,233,13.6,113468064,67410956,45516436,41,1108,7819780,336900,3194480,4211008,50785,1283,0,0,10,34,25959285,258810
493,370082,245,13.2,113468064,67410956,45516436,41,1108,7819780,353216,3203880,4211008,50992,1288,0,0,10,34,25959285,264359
494,370865,240,13.4,113468064,67410956,45516436,41,1108,7819780,333344,3182308,4211008,51202,1293,0,0,10,34,25959285,268732
495,371675,234,13.3,113468064,67410956,45516436,41,1108,7819780,351788,3209368,1077952832,51417,1298,0,0,10,34,25959285,266080
496,372488,254,13.6,113468064,67410956,45516436,41,1108,7819780,329452,3187032,1077952832,51629,1299,0,0,10,34,25959285,268993
497,373256,274,13.8,113468064,67410956,45516436,41,1108,7819780,344732,3193060,1077952832,51844,1302,0,0,10,34,25959285,265447
498,374023,230,13.4,113468064,67410956,45516436,41,1108,7819780,322688,3178700,1077952832,52054,1308,0,0,10,34,25959285,266735
499,374830,240,13.6,113468064,67410956,45516436,41,1108,7819780,305388,3153720,1077952832,52274,1313,0,0,10,34,25959285,257871
500,375623,245,13.5,113468064,67410956,45516436,41,1108,7819780,324852,3173184,1077952832,52487,1314,0,0,10,34,25959285,266825
501,376401,243,13.7,113468064,67410956,45516436,41,1108,7819780,306768,3155100,1077952832,52696,1316,0,0,10,34,25959285,275242
502,377179,226,14.1,113468064,67410956,45516436,41,1108,7819780,326800,3175132,1077952832,52915,1323,0,0,10,34,25959285,266347
503,377999,245,13.6,113468064,67410956,45516436,41,1108,7819780,306752,3155084,1077952832,53132,1330,0,0,10,34,25959285,272723
504,378808,358,13.9,113468064,67410956,45516436,41,1108,7819780,325764,3174096,1077952832,53350,1334,0,0,10,34,25959285,277242
505,379593,242,14.2,113468064,67410956,45516436,41,1108,7819780,302964,3160548,1077952832,53566,1338,0,0,10,34,25959285,281725
506,380413,238,14.4,113468064,67410956,45516436,41,1108,7819780,280692,3129024,1077952832,53784,1341,0,0,10,34,25959285,287089
507,381256,293,13.9,113468064,67410956,45516436,41,1108,7819780,294572,3142904,1077952832,53986,1350,0,0,10,34,25959285,286443
508,382027,236,14.5,113468064,67410956,45516436,41,1108,7819780,276808,3134392,1077952832,54206,1352,0,0,10,34,25959285,289378
509,382898,280,14.8,113468064,67410956,45516436,41,1108,7819780,300812,3158396,1077952832,54432,1357,0,0,10,34,25959285,284583
510,383696,258,14.4,113468064,67410956,45516436,41,1108,7819780,278576,3136160,1077952832,54645,1362,0,0,10,34,25959285,287816
511,384488,238,14.7,113468064,67410956,45516436,41,1108,7819780,258060,3115644,1077952832,54855,1364,0,0,10,34,25959285,290273
512,385242,294,14.8,113468064,67410956,45516436,41,1108,7819780,283920,3132252,4211008,55080,1369,0,0,10,34,25959285,279404
513,386067,222,14.6,113468064,67410956,45516436,41,1108,7819780,251932,3100264,1077952832,55295,1370,0,0,10,34,25959285,286375
514,386907,246,14.8,113468064,67410956,45516436,41,1108,7819780,239808,3088140,1077952832,55516,1377,0,0,10,34,25959285,284659
515,387701,262,14.7,113468064,67410956,45516436,41,1108,7819780,259048,3116632,1077952832,55734,1382,0,0,10,34,25959285,291968
516,388537,256,14.9,113468064,67410956,45516436,41,1108,7819780,236928,3085260,1077952832,55944,1388,0,0,10,34,25959285,297221
517,389289,267,15.2,113468064,67410956,45516436,41,1108,7819780,264064,3120564,1077952832,56173,1392,0,0,10,34,25959285,288953
518,390108,241,14.7,113468064,67410956,45516436,41,1108,7819780,241832,3098332,4211008,56386,1396,0,0,10,34,25959285,289631
519,390944,245,14.8,113468064,67410956,45516436,41,1108,7819780,221644,3068892,1077952832,56598,1400,0,0,10,34,25959285,289947
520,391727,267,14.9,113468064,67410956,45516436,41,1108,7819780,245716,3090444,1077952832,56809,1412,0,0,10,34,25959285,289531
521,392531,232,14.8,113468064,67410956,45516436,41,1108,7819780,228684,3075748,1077952832,57021,1420,0,0,10,34,25959285,292579
522,393308,228,15,113468064,67410956,45516436,41,1108,7819780,215916,3057316,1077952832,57237,1424,0,0,10,34,25959285,295358
523,394114,410,15,113468064,67410956,45516436,41,1108,7819780,246824,3083520,1077952832,57448,1431,0,0,10,34,25959285,298998
524,394902,296,15.2,113468064,67410956,45516436,41,1108,7819780,234720,3071416,1077952832,57655,1434,0,0,10,34,25959285,300013
525,395687,255,15.3,113468064,67410956,45516436,41,1108,7819780,212656,3056140,4211008,57855,1435,0,0,10,34,25959285,304270
526,396462,276,15.5,113468064,67410956,45516436,41,1108,7819780,244536,3083496,1077952832,58055,1442,0,0,10,34,25959285,297402
527,397228,258,15.2,113468064,67410956,45516436,41,1108,7819780,223272,3062232,1077952832,58259,1447,0,0,10,34,25959285,298792
528,397972,239,15.4,113468064,67410956,45516436,41,1108,7819780,211212,3046220,1077952832,58474,1450,0,0,10,34,25959285,304725
529,398788,254,15.6,113468064,67410956,45516436,41,1108,7819780,200564,3022108,1077952832,58700,1455,0,0,10,34,25959285,307604
530,399573,233,15.7,113468064,67410956,45516436,41,1108,7819780,224820,3045524,1077952832,58912,1460,0,0,10,34,25959285,313274
531,400379,250,16,113468064,67410956,45516436,41,1108,7819780,210928,3031480,1077952832,59130,1464,0,0,10,34,25959285,314474
532,401184,240,16.1,113468064,67410956,45516436,41,1108,7819780,193604,3018476,1077952832,59350,1470,0,0,10,34,25959285,302223
533,401977,248,15.6,113468064,67410956,45516436,41,1108,7819780,220696,3034660,4211008,59566,1474,0,0,10,34,25959285,309734
534,402791,232,15.8,113468064,67410956,45516436,41,1108,7819780,200032,3014444,1077952832,59782,1477,0,0,10,34,25959285,313666
535,403602,252,16,113468064,67410956,45516436,41,1108,7819780,223260,3036884,1077952832,60002,1482,0,0,10,34,25959285,304226
536,404409,228,15.6,113468064,67410956,45516436,41,1108,7819780,203292,3025868,1077952832,60219,1484,0,0,10,34,25959285,307390
537,405237,229,15.7,113468064,67410956,45516436,41,1108,7819780,194620,3005200,1077952832,60429,1494,0,0,10,34,25959285,312799
538,406037,234,16,113468064,67410956,45516436,41,1108,7819780,173100,2980580,1077952832,60661,1501,0,0,10,34,25959285,303312
539,406874,236,15.5,113468064,67410956,45516436,41,1108,7819780,208732,3015180,1077952832,60874,1506,0,0,10,34,25959285,304770
540,407676,230,15.7,113468064,67410956,45516436,41,1108,7819780,195532,3011232,1077952832,61085,1512,0,0,10,34,25959285,308809
541,408498,233,15.9,113468064,67410956,45516436,41,1108,7819780,180940,2982240,1077952832,61305,1516,0,0,10,34,25959285,318069
542,409288,235,15.5,113468064,67410956,45516436,41,1108,7819780,210456,3016764,1077952832,61528,1520,0,0,10,34,25959285,307107
543,410143,242,15.7,113468064,67410956,45516436,41,1108,7819780,187640,2994880,1077952832,61747,1523,0,0,10,34,25959285,310461
544,410957,240,15.9,113468064,67410956,45516436,41,1108,7819780,181048,2984448,1077952832,61958,1528,0,0,10,34,25959285,316497
545,411761,275,16.1,113468064,67410956,45516436,41,1108,7819780,242972,3039612,1077952832,62186,1535,0,0,10,34,25959285,302319
546,412564,238,15.6,113468064,67410956,45516436,41,1108,7819780,201324,2997660,1077952832,62405,1538,0,0,10,34,25959285,308205
547,413371,235,15.8,113468064,67410956,45516436,41,1108,7819780,181688,2966344,1077952832,62621,1543,0,0,10,34,25959285,313330
548,414201,254,16.8,113468064,67410956,45516436,41,1108,7819780,200776,2982824,1077952832,62848,1550,0,0,10,34,25959285,333224
549,415047,245,17.1,113468064,67410956,45516436,41,1108,7819780,186316,2968508,1077952832,63065,1556,0,0,10,34,25959285,333400
550,415890,239,17.1,113468064,67410956,45516436,41,1108,7819780,173084,2958092,1077952832,63281,1561,0,0,10,34,25959285,334954
551,416705,250,17.1,113468064,67410956,45516436,41,1108,7819780,167908,2944012,1077952832,63502,1570,0,0,10,34,25959285,325643
552,417490,247,16.8,113468064,67410956,45516436,41,1108,7819780,202464,2968460,1077952832,63724,1576,0,0,10,34,25959285,331232
553,418337,251,16.9,113468064,67410956,45516436,41,1108,7819780,183352,2958604,1077952832,63935,1581,0,0,10,34,25959285,342030
554,419121,321,17.5,113468064,67410956,45516436,41,1108,7819780,173132,2943688,1077952832,64155,1585,0,0,10,34,25959285,347050
555,419956,248,17,113468064,67410956,45516436,41,1108,7819780,213256,2978008,1077952832,64388,1594,0,0,10,34,25959285,337466
556,420791,239,17.3,113468064,67410956,45516436,41,1108,7819780,194020,2958764,1077952832,64604,1598,0,0,10,34,25959285,344232
557,421587,317,17.6,113468064,67410956,45516436,41,1108,7819780,167168,2930344,1077952832,64818,1601,0,0,10,34,25959285,349719
558,422373,286,17.9,113468064,67410956,45516436,41,1108,7819780,163588,2911768,1077952832,65023,1606,0,0,10,33,25959285,351804
559,423105,243,17.1,113468064,67410956,45516436,41,1108,7819780,200476,2957048,1077952832,65214,1611,0,0,10,34,25959285,340331
560,423856,264,17.4,113468064,67410956,45516436,41,1108,7819780,185632,2942000,1077952832,65426,1617,0,0,10,34,25959285,345167
561,424646,358,17.6,113468064,67410956,45516436,41,1108,7819780,170328,2925336,1077952832,65644,1620,0,0,10,34,25959285,350327
562,425454,317,17.9,113468064,67410956,45516436,41,1108,7819780,161508,2904484,1077952832,65862,1624,0,0,10,34,25959285,349441
563,426223,287,17.9,113468064,67410956,45516436,41,1108,7819780,183596,2916236,1077952832,66084,1631,0,0,10,34,25959285,337761
564,427006,276,17.3,113468064,67410956,45516436,41,1108,7819780,191528,2924004,1077952832,66288,1636,0,0,10,34,25959285,343660
565,427785,260,17.5,113468064,67410956,45516436,41,1108,7819780,175196,2916924,1077952832,66490,1643,0,0,10,34,25959285,346201
566,428578,263,17.7,113468064,67410956,45516436,41,1108,7819780,163504,2903424,1077952832,66698,1646,0,0,10,34,25959285,349029
567,429339,273,17.8,113468064,67410956,45516436,41,1108,7819780,139208,2863676,1077952832,66919,1654,0,0,10,34,25959285,350625
568,430112,230,18.1,113468064,67410956,45516436,41,1108,7819780,190568,2914176,4211008,67134,1657,0,0,10,34,25959285,356754
569,430907,217,18.3,113468064,67410956,45516436,41,1108,7819780,169468,2902184,1077952832,67350,1660,0,0,10,34,25959285,362459
570,431716,242,18.5,113468064,67410956,45516436,41,1108,7819780,153468,2876220,1077952832,67565,1663,0,0,10,34,25959285,364430
571,432537,239,18.6,113468064,67410956,45516436,41,1108,7819780,139868,2858496,1077952832,67789,1669,0,0,10,34,25959285,351784
572,433307,222,18.2,113468064,67410956,45516436,41,1108,7819780,184708,2901572,1077952832,68016,1669,0,0,10,34,25959285,356646
573,434129,225,18.3,113468064,67410956,45516436,41,1108,7819780,161380,2880580,1077952832,68229,1676,0,0,10,34,25959285,361546
574,434966,248,18.5,113468064,67410956,45516436,41,1108,7819780,146124,2872096,1077952832,68449,1678,0,0,10,34,25959285,364148
575,435790,239,18.7,113468064,67410956,45516436,41,1108,7819780,130272,2849804,1077952832,68683,1681,0,0,10,34,25959285,357708
576,436623,232,18.3,113468064,67410956,45516436,41,1108,7819780,169396,2880712,4211008,68901,1686,0,0,10,34,25959285,360025
577,437442,251,18.5,113468064,67410956,45516436,41,1108,7819780,148980,2857960,1077952832,69113,1691,0,0,10,34,25959285,371367
578,438222,243,19.1,113468064,67410956,45516436,41,1108,7819780,136664,2843380,1077952832,69329,1693,0,0,10,34,25959285,376161
579,438995,303,19.1,113468064,67410956,45516436,41,1108,7819780,133948,2835488,1077952832,69546,1700,0,0,10,34,25959285,375330
580,439823,232,18.2,113468064,67410956,45516436,41,1108,7819780,169340,2868592,1077952832,69770,1707,0,0,10,34,25959285,364841
581,440673,226,18.6,113468064,67410956,45516436,41,1108,7819780,154944,2863448,1077952832,69989,1708,0,0,10,34,25959285,368500
582,441505,251,18.8,113468064,67410956,45516436,41,1108,7819780,133504,2840308,1077952832,70202,1711,0,0,10,34,25959285,373117
583,442271,252,19,113468064,67410956,45516436,41,1108,7819780,122644,2823540,1077952832,70428,1717,0,0,10,34,25959285,372887
584,443079,231,18.1,113468064,67410956,45516436,41,1108,7819780,168128,2865400,1077952832,70647,1724,0,0,10,34,25959285,358807
585,443951,260,18.6,113468064,67410956,45516436,41,1108,7819780,143428,2840700,1077952832,70859,1731,0,0,10,34,25959285,365125
586,444771,245,18.7,113468064,67410956,45516436,41,1108,7819780,129272,2817604,1077952832,71084,1732,0,0,10,34,25959285,369643
587,445594,236,18.9,113468064,67410956,45516436,41,1108,7819780,117028,2800340,1077952832,71314,1739,0,0,10,34,25959285,352275
588,446391,217,18.2,113468064,67410956,45516436,41,1108,7819780,154656,2843652,1077952832,71527,1745,0,0,10,34,25959285,361058
589,447201,235,18.4,113468064,67410956,45516436,41,1108,7819780,142360,2831356,1077952832,71744,1749,0,0,10,34,25959285,361187
590,448024,232,18.6,113468064,67410956,45516436,41,1108,7819780,118388,2798132,1077952832,71973,1760,0,0,10,34,25959285,374451
591,448865,239,19.2,113468064,67410956,45516436,41,1108,7819780,146696,2825800,1077952832,72185,1765,0,0,10,34,25959285,380421
592,449641,238,19.4,113468064,67410956,45516436,41,1108,7819780,119712,2798616,1077952832,72400,1772,0,0,10,34,25959285,383550
593,450463,296,19.6,113468064,67410956,45516436,41,1108,7819780,111468,2787632,1077952832,72615,1777,0,0,10,34,25959285,390962
594,451262,257,20,113468064,67410956,45516436,41,1108,7819780,180960,2858360,1077952832,72851,1783,0,0,10,34,25959285,376326
595,452069,265,19.3,113468064,67410956,45516436,41,1108,7819780,132920,2801068,1077952832,73046,1787,0,0,10,34,25959285,380522
596,452840,263,19.5,113468064,67410956,45516436,41,1108,7819780,116964,2794364,1077952832,73249,1792,0,0,10,34,25959285,384163
597,453616,258,19.7,113468064,67410956,45516436,41,1108,7819780,106196,2781748,1077952832,73455,1798,0,0,10,34,25959285,387741
598,454387,263,19.1,113468064,67410956,45516436,41,1108,7819780,143132,2814636,1077952832,73671,1805,0,0,10,34,25959285,377946
599,455185,245,19.3,113468064,67410956,45516436,41,1108,7819780,110084,2782520,1077952832,73884,1808,0,0,10,34,25959285,381202
600,455994,245,19.5,113468064,67410956,45516436,41,1108,7819780,104028,2764056,4211008,74100,1810,0,0,10,34,25959285,382477
601,456794,216,19.5,113468064,67410956,45516436,41,1108,7819780,88212,2743552,1077952832,74324,1816,0,0,10,34,25959285,383517
602,457664,236,18.6,113468064,67410956,45516436,41,1108,7819780,134976,2792536,1077952832,74549,1823,0,0,10,34,25959285,376427
603,458470,231,19.3,113468064,67410956,45516436,41,1108,7819780,113080,2770640,1077952832,74766,1828,0,0,10,34,25959285,379652
604,459297,228,19.4,113468064,67410956,45516436,41,1108,7819780,98028,2755592,1077952832,74989,1829,0,0,10,34,25959285,385130
605,460075,228,19.6,113468064,67410956,45516436,41,1108,7819780,88628,2743556,1077952832,75211,1833,0,0,10,34,25959285,387389
606,460886,234,18.8,113468064,67410956,45516436,41,1108,7819780,123760,2766624,1077952832,75431,1840,0,0,10,34,25959285,373598
607,461725,244,19.1,113468064,67410956,45516436,41,1108,7819780,101024,2743304,1077952832,75651,1846,0,0,10,34,25959285,378272
608,462555,225,19.3,113468064,67410956,45516436,41,1108,7819780,86468,2736672,1077952832,75869,1852,0,0,10,34,25959285,381043
609,463388,406,19.5,113468064,67410956,45516436,41,1108,7819780,128920,2772760,1077952832,76105,1860,0,0,10,34,25959285,369758
610,464177,233,18.9,113468064,67410956,45516436,41,1108,7819780,102076,2736664,1077952832,76331,1861,0,0,10,34,25959285,375683
611,465038,236,19.1,113468064,67410956,45516436,41,1108,7819780,86496,2730336,1077952832,76551,1864,0,0,10,34,25959285,377863
612,465861,234,19.4,113468064,67410956,45516436,41,1108,7819780,88308,2704948,4211008,76760,1870,0,0,10,34,25959285,416511
613,466651,274,21.4,113468064,67410956,45516436,41,1108,7819780,140412,2763236,1077952832,76998,1877,0,0,10,34,25959285,434160
614,467509,238,22.2,113468064,67410956,45516436,41,1108,7819780,112088,2725564,1077952832,77219,1882,0,0,10,34,25959285,442474
615,468390,246,22.6,113468064,67410956,45516436,41,1108,7819780,95492,2708968,1077952832,77435,1886,0,0,10,34,25959285,445820
616,469203,245,22.8,113468064,67410956,45516436,41,1108,7819780,84476,2701424,1077952832,77656,1888,0,0,10,34,25959285,448992
617,470022,273,23,113468064,67410956,45516436,41,1108,7819780,156448,2748192,1077952832,77898,1896,0,0,10,34,25959285,438913
618,470839,241,22.6,113468064,67410956,45516436,41,1108,7819780,129096,2711588,1077952832,78116,1903,0,0,10,34,25959285,447292
619,471688,365,22.8,113468064,67410956,45516436,41,1108,7819780,110216,2701960,1077952832,78339,1909,0,0,10,34,25959285,451663
620,472542,270,23,113468064,67410956,45516436,41,1108,7819780,97744,2687568,1077952832,78562,1910,0,0,10,34,25959285,454505
621,473376,300,23.4,113468064,67410956,45516436,41,1108,7819780,140612,2728248,1077952832,78794,1914,0,0,10,34,25959285,446678
622,474203,227,22.9,113468064,67410956,45516436,41,1108,7819780,118600,2706236,1077952832,79008,1921,0,0,10,34,25959285,448234
623,475008,242,23,113468064,67410956,45516436,41,1108,7819780,100212,2678596,1077952832,79227,1926,0,0,10,34,25959285,453393
624,475816,230,23.2,113468064,67410956,45516436,41,1108,7819780,88888,2664348,1077952832,79446,1928,0,0,10,34,25959285,458098
625,476626,322,23.4,113468064,67410956,45516436,41,1108,7819780,133164,2701816,1077952832,79683,1936,0,0,10,34,25959285,445360
626,477468,241,22.7,113468064,67410956,45516436,41,1108,7819780,112156,2689876,1077952832,79895,1942,0,0,10,34,25959285,449269
627,478252,234,22.9,113468064,67410956,45516436,41,1108,7819780,96500,2674228,1077952832,80111,1946,0,0,10,34,25959285,453366
628,479061,353,23.1,113468064,67410956,45516436,41,1108,7819780,83908,2648404,1077952832,80331,1951,0,0,10,34,25959285,455404
629,479897,312,23.2,113468064,67410956,45516436,41,1108,7819780,145452,2692772,1077952832,80556,1960,0,0,10,34,25959285,448814
630,480680,282,23,113468064,67410956,45516436,41,1108,7819780,129880,2685776,1077952832,80745,1966,0,0,10,34,25959285,457568
631,481459,262,23.4,113468064,67410956,45516436,41,1108,7819780,104564,2660460,1077952832,80949,1968,0,0,10,34,25959285,460753
632,482211,248,23.6,113468064,67410956,45516436,41,1108,7819780,93428,2648704,1077952832,81162,1973,0,0,10,34,25959285,465608
633,482990,241,23.8,113468064,67410956,45516436,41,1108,7819780,84452,2631612,1077952832,81398,1979,0,0,10,34,25959285,455554
634,483825,237,23.4,113468064,67410956,45516436,41,1108,7819780,120732,2658040,1077952832,81619,1983,0,0,10,34,25959285,462221
635,484653,227,23.7,113468064,67410956,45516436,41,1108,7819780,95568,2632880,1077952832,81846,1985,0,0,10,34,25959285,467260
636,485488,239,23.9,113468064,67410956,45516436,41,1108,7819780,88372,2632868,1077952832,82067,1988,0,0,10,34,25959285,469401
637,486312,232,24,113468064,67410956,45516436,41,1108,7819780,86072,2617400,1077952832,82293,1999,0,0,10,34,25959285,458477
638,487072,258,23.4,113468064,67410956,45516436,41,1108,7819780,128656,2659560,1077952832,82460,2002,0,0,10,34,25959285,467136
639,487810,262,23.8,113468064,67410956,45516436,41,1108,7819780,122756,2644408,1077952832,82667,2006,0,0,10,34,25959285,466445
640,488531,241,23.8,113468064,67410956,45516436,41,1108,7819780,109600,2640504,1077952832,82886,2011,0,0,10,34,25959285,468125
641,489357,362,23.9,113468064,67410956,45516436,41,1108,7819780,92324,2622908,1077952832,83101,2012,0,0,10,34,25959285,472573
642,490145,327,24.1,113468064,67410956,45516436,41,1108,7819780,137632,2667584,1077952832,83305,2023,0,0,10,34,25959285,469007
643,490923,265,24,113468064,67410956,45516436,41,1108,7819780,117092,2637744,1077952832,83512,2027,0,0,10,34,25959285,470380
644,491713,253,24.1,113468064,67410956,45516436,41,1108,7819780,94732,2615384,1077952832,83721,2028,0,0,10,34,25959285,471476
645,492494,253,24.2,113468064,67410956,45516436,41,1108,7819780,86296,2602772,1077952832,83931,2032,0,0,10,34,25959285,475818
646,493274,380,24.3,113468064,67410956,45516436,41,1108,7819780,139820,2647516,4211008,84168,2037,0,0,10,34,25959285,468139
647,494079,225,24,113468064,67410956,45516436,41,1108,7819780,116192,2633140,1077952832,84396,2043,0,0,10,34,25959285,474665
648,494961,240,24.2,113468064,67410956,45516436,41,1108,7819780,101048,2618000,1077952832,84614,2045,0,0,10,34,25959285,476527
649,495782,245,24.5,113468064,67410956,45516436,41,1108,7819780,90528,2603352,1077952832,84830,2051,0,0,10,34,25959285,479703
650,496605,265,24.5,113468064,67410956,45516436,41,1108,7819780,138588,2640356,1077952832,85065,2060,0,0,10,34,25959285,470798
651,497448,319,24,113468064,67410956,45516436,41,1108,7819780,123376,2616116,1077952832,85289,2064,0,0,10,34,25959285,473290
652,498277,225,24.2,113468064,67410956,45516436,41,1108,7819780,95132,2597124,1077952832,85507,2069,0,0,10,34,25959285,477690
653,499122,358,24.3,113468064,67410956,45516436,41,1108,7819780,88688,2586468,1077952832,85721,2074,0,0,10,34,25959285,478526
654,499926,314,24.5,113468064,67410956,45516436,41,1108,7819780,148884,2627264,1077952832,85960,2086,0,0,10,34,25959285,465176
655,500761,228,23.8,113468064,67410956,45516436,41,1108,7819780,124800,2603180,1077952832,86184,2089,0,0,10,34,25959285,469833
656,501608,244,24,113468064,67410956,45516436,41,1108,7819780,99724,2587356,1077952832,86407,2093,0,0,10,34,25959285,474295
657,502415,278,24.1,113468064,67410956,45516436,41,1108,7819780,84456,2571360,1077952832,86629,2097,0,0,10,34,25959285,478185
658,503247,320,24.4,113468064,67410956,45516436,41,1108,7819780,86968,2560480,1077952832,86861,2103,0,0,10,34,25959285,479886
659,504073,234,23.5,113468064,67410956,45516436,41,1108,7819780,125932,2588536,1077952832,87088,2110,0,0,10,34,25959285,461112
660,504925,303,23.7,113468064,67410956,45516436,41,1108,7819780,106476,2569080,1077952832,87303,2112,0,0,10,34,25959285,465427
661,505718,233,23.9,113468064,67410956,45516436,41,1108,7819780,84568,2556428,1077952832,87526,2117,0,0,10,34,25959285,468867
662,506587,229,24.1,113468064,67410956,45516436,41,1108,7819780,82008,2542976,1077952832,87746,2119,0,0,10,34,25959285,473089
663,507396,285,24.3,113468064,67410956,45516436,41,1108,7819780,141572,2586644,1077952832,87989,2125,0,0,10,34,25959285,457486
664,508261,351,23.3,113468064,67410956,45516436,41,1108,7819780,115620,2569944,1077952832,88212,2127,0,0,10,34,25959285,461014
665,509034,273,23.6,113468064,67410956,45516436,41,1108,7819780,93712,2538784,1077952832,88402,2129,0,0,10,34,25959285,467451
666,509790,258,23.9,113468064,67410956,45516436,41,1108,7819780,89268,2532020,1077952832,88596,2134,0,0,10,34,25959285,470968
,,,,,,,,,,,,,,,,,,,,
--------------------------------------------------------------------------------,,,,,,,,,,,,,,,,,,,,
 \t APPLICATION TESTING TRIAL COMPLETE,,,,,,,,,,,,,,,,,,,,
--------------------------------------------------------------------------------,,,,,,,,,,,,,,,,,,,,
Output available: output/Barcode-Text-9min/Barcode-Text-9min.2020-10-07.160533.csv,,,,,,,,,,,,,,,,,,,,
--------------------------------------------------------------------------------,,,,,,,,,,,,,,,,,,,,
